"RegionName","City","State","Metro","CountyName","SizeRank","2011-01","2011-02","2011-03","2011-04","2011-05","2011-06","2011-07","2011-08","2011-09","2011-10","2011-11","2011-12","2012-01","2012-02","2012-03","2012-04","2012-05","2012-06","2012-07","2012-08","2012-09","2012-10","2012-11","2012-12","2013-01","2013-02","2013-03","2013-04","2013-05","2013-06","2013-07","2013-08","2013-09","2013-10","2013-11","2013-12","2014-01","2014-02","2014-03","2014-04","2014-05","2014-06","2014-07","2014-08","2014-09","2014-10","2014-11","2014-12","2015-01","2015-02","2015-03","2015-04","2015-05","2015-06","2015-07","2015-08","2015-09","2015-10","2015-11","2015-12","2016-01","2016-02","2016-03","2016-04","2016-05","2016-06","2016-07","2016-08","2016-09","2016-10","2016-11","2016-12","2017-01","2017-02","2017-03","2017-04","2017-05","2017-06","2017-07","2017-08","2017-09","2017-10","2017-11","2017-12","2018-01","2018-02","2018-03","2018-04","2018-05","2018-06","2018-07"
"10025","New York","NY","New York","New York",1,,,,,,,,,,,,,,5000,4795,4962.5,5195,5500,5400,5200,5337.5,5087.5,5000,5000,5000,4875,4850,5000,5200,5400,5487.5,5300,5650,5600,5150,5000,5150,5625,5700,5550,5400,5350,5000,5500,5075,5397.5,5397.5,5175,5500,5200,5200,5000,5175,5000,5095.5,5200,5000,4847.5,4800,4800,4897.5,4950,5075,5000,5000,5000,4995,4847.5,4800,4947.5,5000,4800,5000,5000,5000,5000,5000,5000,4922.5,4992.5,4895,5000,4922.5,4800,4895,4947.5,5175,5125,5300,5000,4800
"60657","Chicago","IL","Chicago","Cook",2,,,,3000,2800,2930,2850,2950,3025,3025,2995,3000,3500,3195,3150,3085,3025,2950,2975,3100,3100,2995,2972.5,2995,3000,3000,2900,3200,3200,3200,3600,3547.5,3400,3400,3599,3400,3400,3400,3200,3200,3200,3400,3397.5,3200,3050,2900,2995,3000,3095,3195,3095,3495,3600,3600,3300,3200,3000,3097.5,3147.5,3195,3192.5,3195,3195,3400,3450,3600,3300,3200,3225,3300,3600,3250,3300,3225,3300,3500,3600,3800,3600,3400,3395,3000,3000,3100,3200,3200,3575,3600,3675,3800,3697.5
"75070","McKinney","TX","Dallas-Fort Worth","Collin",3,,,,,1650,1597.5,1650,1650,1750,1722.5,1650,1650,1650,1700,1650,1797.5,1700,1700,1750,1795,1700,1750,1750,1775,1850,1795,1750,1750,1800,1750,1795,1795,1795,1750,1750,1750,1725,1750,1750,1795,1830,1800,1800,1850,1800,1800,1800,1800,1825,1800,1850,1822.5,1895,1900,1895,1850,1895,1885,1875,1895,1850,1812.5,1850,1900,1995,1995,2000,1973,1997.5,1972.5,1950,1950,1900,1900,1995,1995,1995,1958,1900,1995,1990,1900,1900,1900,1900,1975,1995,2000,2095,2100,2070
"77494","Katy","TX","Houston","Harris",4,,,,,,,,,,,2100,2025,2000,2115,2275,2375,2250,2300,2497.5,2300,2225,2100,2200,2347.5,2300,2372.5,2350,2300,2200,2200,2200,2300,2300,2290,2250,2200,2250,2300,2300,2300,2397.5,2400,2300,2400,2397.5,2350,2300,2300,2350,2350,2375,2400,2400,2400,2400,2350,2300,2350,2275,2298,2200,2250,2295,2400,2300,2300,2200,2150,2300,2195,1999.5,2175,2095,2162.5,2100,2200,2200,2200,2200,2250,2300,2400,2400,2400,2300,2300,2299,2287.5,2300,2275,2210
"60614","Chicago","IL","Chicago","Cook",5,,,,,,,,,,,,,,,,,,,,,,,,,,,,,,,,,,,,,,,,,,,,,,,,,,,,,,,,,,,,,,,,,,,,,,,,,3450,3825,3600,3825,4000,3995,3800,3600,3600,3650,3400,3300,3300,3300,3300,3775,4200,3995,3995
"77084","Houston","TX","Houston","Harris",6,,,,,,,,,,,,,,,,,,,,,,,,,,,,,,,1650,1700,1700,1575,1500,1500,1500,1495,1500,1500,1675,1650,1625,1550,1600,1600,1675,1650,1650,1675,1651.5,1625,1600,1650,1750,1672.5,1600,1650,1630,1650,1600,1597.5,1625,1687.5,1595,1600,1625,1650,1612.5,1582.5,1570,1550,1599.5,1600,1550,1649.5,1650,1599,1650,1695,1662.5,1672.5,1600,1600,1600,1599,1600,1637.5,1600,1650,1695
"77449","Katy","TX","Houston","Harris",7,,,,,,,1300,1300,1350,1350,1325,1312.5,1350,1350,1350,1337.5,1350,1300,1350,1350,1350,1395,1400,1397.5,1475,1450,1450,1495,1475,1485,1500,1512.5,1500,1500,1500,1495,1450,1450,1450,1472,1500,1500,1585,1550,1525,1525,1550,1525,1525,1525,1547.5,1550,1550,1532.5,1525,1550,1600,1595,1550,1517,1525,1525,1537.5,1550,1595,1595,1600,1550,1525,1500,1475,1450,1450,1460,1485,1500,1535,1545,1550,1500,1550,1560,1550,1550,1520,1550,1565,1644,1600,1650,1600
"10016","New York","NY","New York","New York",8,,,,,,,,,,,,,,,,,,,,,,,,,,,,,,,,,,,,,,,,,,,,,,,,,,,,,,,,,,,,,,,,,,,,,,,,,,6066,6800,6200,6700,6800,6948,6900,6995,7030,6900,6800,6775,6750,6550,6487.5,6700,6500,6480
"60618","Chicago","IL","Chicago","Cook",9,,,,,,,,,,,,,,,,,,,,,,,,,,,,,,,,,,,,,,,,,,,,,,,,,,,,,,,,,,,,,,,,,,,,,,,,,,,,,3000,3000,3000,2995,2800,2800,2700,2700,2700,2912.5,3100,3350,3000,2925,2800
"28269","Charlotte","NC","Charlotte","Mecklenburg",10,,,,,,,,,,,,,,,,,,,,,,,,,,,,,,,,,,,,,,,,,,,,,,,,,,,,,,,,,,,,,,,,,,,,,,,,,1450,1575,1627,1649,1625,1595,1650,1649.5,1650,1650,1650,1625,1640,1645,1680,1695,1695,1650,1655
"79912","El Paso","TX","El Paso","El Paso",11,,,,,,,,,,,,,,,,,,,,,,,,,,,,,,,,,,,,,,,,,,,,,,,,,,,,,,,,,,,,,,,,,,,,,,,,,,,,1550,1600,1625,1625,1562.5,1600,1695,1600,1650,1612.5,1650,1685,1725,1750,1695,1700
"30349","Riverdale","GA","Atlanta","Clayton",12,,,,,,1200,1245,1250,1200,1187.5,1250,1200,1200,1200,1200,1200,1200,1175,1200,1200,1150,1100,1125,1125,1150,1195,1200,1200,1195,1200,1200,1200,1200,1200,1200,1200,1175,1195,1200,1200,1225,1200,1150,1155,1195,1190,1195,1247,1200,1200,1200,1225,1250,1250,1235,1250,1250,1250,1225,1222.5,1250,1250,1285,1297.5,1250,1300,1237.5,1295,1285,1295,1299,1325,1299.5,1400,1450,1425,1495,1497.5,1495,1375,1333.5,1345,1350,1395,1445,1472.5,1450,1439.5,1400,1400,1395
"10003","New York","NY","New York","New York",13,,,,,,,,,,,,,,,,,,,,,,,,,,,,,,,,,,,,,,,,,,,,,,,,,,,,,,,,,,,,,,,,,,,,,,,,,,,6600,6500,6450,6495,6450,6395,6195,6083,6497.5,6495,6800,6495,6682,6500,6500,6495,6425
"77429","Cypress","TX","Houston","Harris",14,,,,,,,,,,,,,,,,,,,,,,,,,,,,,,,,,,,,,,,1672.5,1750,1797.5,1800,1810,1950,1995,1985,1899.5,1847.5,1822,1825,1799,1799,1899,1850,1897.5,1912,1987.5,1800,1925,1900,1897,1850,1800,1800,1800,1862.5,1950,1750,1900,1824.5,1857.5,1850,1797.5,1837.5,1850,1812.5,1800,1845,1830,1850,1800,1797.5,1800,1900,1925,1812.5,1850,1895,1900,1950,1895
"11206","New York","NY","New York","Kings",15,,,,,,,,,,,,,,,,,,,,,,,,,,,,,,3800,3929,3833,3750,3650,3750,3549.5,3600,3600,3597,3500,3399,3400,3550,3914.5,3800,3600,3950,4000,3800,3800,3800,3850,3799,3825,3800,3799,3895,3800,3800,3800,3800,3800,3910,3990,4100,4100,3820,4100,3600,3895,3999,4125,4100,3799,4200,4190,3995,3850,3800,3875,3850,3850,3795,3700,3749.5,3799.5,3799,3802,3750,3924.5,3999.5
"60613","Chicago","IL","Chicago","Cook",16,,,,,,,,,,,,,,,,,,,,,,,,,,,,,,,,,,,,,,,,,,,,,,,,,,,,,,,,,,,,,,,,,,,,,,,,,,2700,2995,3122.5,3200,3195,2995,2945,2845,2800,2800,2800,2745,2995,3000,3100,3055,3055,3000
"77479","Sugar Land","TX","Houston","Fort Bend",17,,,,,,,,,,,,,,,,,,,,,,2190,2275,2300,2175,2400,2300,2300,2450,2400,2450,2300,2425,2200,2450,2500,2500,2425,2400,2375,2490,2450,2300,2250,2197.5,2200,2075,2375,2400,2350,2400,2600,2500,2500,2450,2500,2500,2500,2500,2488,2400,2400,2488,2497.5,2500,2425,2350,2450,2500,2475,2300,2250,2200,2200,2272.5,2300,2325,2400,2350,2300,2300,2250,2350,2400,2400,2400,2400,2395,2300,2300,2300
"30044","Lawrenceville","GA","Atlanta","Gwinnett",18,,,,,,,,,,,,,,,,,,,,,,,,,,,,,,,,,,,,,,,,,,,,,,,,,,,,,,,,,,,,,,,,,,,,,,,,,1562.5,1545,1600,1577,1600,1600,1599,1535,1597.5,1675,1650,1572.5,1586,1550,1550,1650,1600,1600,1647.5
"77433","Cypress","TX","Houston","Harris",19,,,,,,,,,,,,,,,,,,,,,,,,,,,,,,,,,,,,,,,,,,,,,,,,,,,,,,,,,,,,,,,,,,,,,2025,1850,2000,1995,1875,1850,1875,1900,1899.5,1850,1887.5,1850,1900,1950,1950,2000,2000,1987.5,2000,1950,1900,1950,1912.5
"30043","Lawrenceville","GA","Atlanta","Gwinnett",20,,,,,,,,,,,,,,,,,,,,,,,,,,,,,,,,,,,,,,,,,,,,,,,,,,,,,,,,,,,,,,,,,,,,,,,,1499.5,1569,1550,1559,1595,1620,1600,1602.5,1595,1595,1587.5,1600,1595,1595,1597.5,1675,1650,1650,1700,1701
"75034","Frisco","TX","Dallas-Fort Worth","Collin",21,,,,,,,,,,,,,,,,,,,,,,,,,,,,,,,,,,,,,,,,,,,,,,,,,,,,,,,,,,,,,,,,,,,,,,,,,2400,2450,2425,2450,2587,2487,2495,2395,2650,2450,2590,2750,2950,2925,2900,2650,2850,2950,2950
"28277","Charlotte","NC","Charlotte","Mecklenburg",22,,,,,,,,,,,,,,,,,,,,,,,,,,,,,,,,,,,,,,,,,,,,,,,,,,,,,,,,,,,,,,,,,,,,,,,,,,2125,2125,2097.5,2112.5,2187,2195,2157.5,2125,2100,2075,2022.5,2100,2095,2047.5,2100,2195,2100,2100
"77077","Houston","TX","Houston","Harris",23,,,,,,,,,,,,,,,,,,,,,,,,,,,,,,,,,,,,,,,,,,,,,,,,,,,,,,,,,,,,,,,,,,,,,,,,,2500,2395,2750,2600,2775,2500,2500,2500,2490,2395,2650,2600,2650,2700,2800,2750,2712.5,2700,2800
"98052","Redmond","WA","Seattle","King",24,,,,,,,,,,,,,,,,,,,,,,,,,,,,,,,,,,,,,,,,,,,,,,,,,,,,,,,,,,,,,,,,,,,,,,,,,,,,,,3287.5,3250,3125,3150,3000,2995,2925,3100,3175,3175,3495,3395,3467.5,3400
"77379","Tomball","TX","Houston","Harris",25,,,,,,,,,,,,,,,,,,,,,,,,,,,,,1750,1897.5,1850,1897.5,1810,1895,1750,1750,1787.5,1800,1787.5,1800,1770,1750,1750,1837.5,1895,1995,1879,1829.5,1859,1859,1895,1925,1925,1959,1954,1954.5,1950,1997,1862.5,1895,1775,1795,1950,1895,1895,1897.5,1800,1995,1727.5,1750,1690,1699,1800,1797.5,1795,1899.5,1875,1800,1850,1897.5,1890,1800,1850,1797.5,1812.5,1800,1800,1875,1837,1872.5,1895
"11221","New York","NY","New York","Kings",26,,,,,,,,,,,,,,,,,,,,,,,,,,,,,,,,,,3000,3000,3050,3195,3100,3100,3100,3150,3100,3149.5,3200,3185,3199.5,3100,3000,3133,3200,3200,3200,3200,3272.5,3350,3399,3400,3400,3349,3300,3265,3200,3278,3250,3400,3400,3400,3400,3400,3400,3485,3275,3312.5,3399.5,3299,3399,3400,3399,3399,3450,3395,3300,3392.5,3199,3394.5,3399,3399,3475,3499.5,3500,3400
"78245","San Antonio","TX","San Antonio","Bexar",27,,,,,,,,,,,,,,,,,,,,,,,,,,,,,,,,,,,,,,,,,,,,,,,,,,,,,,,,,,,,,,,,,,,,,,,,,1380,1495,1495,1495,1495,1525,1575,1575,1575,1550,1500,1495,1485,1495,1525,1550,1575,1550,1550
"60619","Chicago","IL","Chicago","Cook",28,,,,,,,,,,,,,,,,,,,,,,,,,,,,,,,,,,,,,,,,,,,,,,,,,,,,,,,,,,,,,,,,,,,,,,,,,1250,1300,1400,1400,1350,1250,1250,1250,1250,1250,1250,1250,1250,1250,1250,1250,1250,1300,1300
"30024","Suwanee","GA","Atlanta","Gwinnett",29,,,,,,,1595,1600,1650,1595,1600,1595,1600,1600,1500,1572.5,1650,1675,1650,1650,1650,1700,1624.5,1600,1595,1672.5,1600,1650,1650,1695,1672.5,1600,1650,1680,1700,1774.5,1750,1747.5,1747,1700,1695,1700,1750,1825,1800,1794.5,1750,1750,1700,1750,1799,1799.5,1812.5,1800,1812.5,1750,1750,1850,1800,1900,1895,1850,1800,1850,1825,1807.5,1795,1850,1850,1799.5,1900,1799.5,1850,1850,1850,1886,1900,1943,1925,1896.5,1900,1947.5,1950,1950,1895,1892.5,1850,1925,1900,1900,1900
"33411","Royal Palm Beach","FL","Miami-Fort Lauderdale","Palm Beach",30,,,,,,,,,,,,,,,,,,,,,,,,,,,,,,,,,,,,,,,,,,,,,,,,,,,,,,,,,,,,,,,,,,,,,,,,,2300,2300,2297,2300,2412.5,2350,2300,2300,2250,2258,2352.5,2400,2500,2490,2350,2500,2400,2412.5,2500
"28027","Concord","NC","Charlotte","Cabarrus",31,,,,,,,,,,,,,,,,,,,,,,,,,,,,,,,,,,,,,,,,,,,,,,,,,,,,,,,,,,,,,,,,,,,,,,,,,,1550,1500,1500,1540,1550,1625,1650,1585,1595,1550,1595,1670,1702.5,1725,1672.5,1650,1695,1695
"97229","Portland","OR","Portland","Multnomah",32,,,,,,,,,,,,,,,,,,,,,,,,,,,,,,,,,,,,,,,,,,,,,,,,,,,,,,,,,,,,,,,,,,,,,,,,,2437.5,2400,2350,2495,2599.5,2695,2595,2495,2350,2300,2395,2395,2372.5,2350,2300,2595,2595,2497.5,2495
"91709","Chino Hills","CA","Riverside","San Bernardino",33,,,,,,,,,,,,,,,,,,,,,,,,,,,,,,,,,,,,,,,,,,,,,,,,,,,,,,,,,,,,,,,,,,,,,,2600,2700,2600,2695,2700,2650,2600,2795,2800,2800,2800,2825,2795,2750,2700,2695,2700,2775,2750,2775,2850,2850
"11385","New York","NY","New York","Queens",34,,,,,,,,,,,,,,,,,,,,,,,,,,,,,,,,,,,,,,,,,,,,,,,,,,,,,,,,,,,,3300,3400,3500,3500,3500,3550,3495,3400,3400,3500,3595,3450,3499.5,3100,3349.5,3300,3200,3399,3400,3400,3500,3500,3399,3399,3500,3450,3302,3300,3300,3350,3400,3400
"98012","Bothell","WA","Seattle","Snohomish",35,,,,,,,,,,,,,,,,,,,,,,,,,,,,,,,,,,,,,,,,,,,,,,,,,,,,,,,,,,,,,,,,,,,,,,,,,2500,2525,2550,2597.5,2650,2650,2600,2550,2500,2497,2500,2495,2500,2650,2700,2622.5,2787.5,2765,2662.5
"77459","Missouri City","TX","Houston","Fort Bend",36,,,,,,,,,,,,,,,,,,,,,,,,,,,,,,,,,,,,,,,,,,,,,,,,,,,,,,,,,,,,,,,,,,,,,,,,,2197.5,2200,2095,2100,2050,1997.5,2050,1997.5,1997.5,1975,1975,1950,1950,1950,1950,2195,2100,2000,2100
"92677","Laguna Niguel","CA","Los Angeles-Long Beach-Anaheim","Orange",37,,,,,,,,,,,,,,,,,,,,,,,,,,,,,,,,,,,,,,,,,,,,,,,,,,,,,,,,,,,,,,,,,,,,,,,,,4000,4150,4150,4300,4300,4400,4300,4400,4200,3974.5,3950,4000,4345,4447.5,4100,4275,4500,4550,4250
"02148","Malden","MA","Boston","Middlesex",38,,,,,,,,,,,,,,,,,,,,,,,,,,,,,,,,,,,,,,,,,,,,,,,,,,,,,,,,,,,,,,,,,,,,,,,,,,,2700,2750,2700,2800,2800,2600,2400,2200,2200,2200,2400,2600,2600,2600,2600,2800,2850
"76063","Mansfield","TX","Dallas-Fort Worth","Tarrant",39,,,,,,,,,,,,,,,,,,,,,,,,,,,,,,,,,,,,,,,,,,,,,,,,,,,,,,,,,,,,,,,,,,,,,,,,,,,,,2147.5,2095,2095,1999.5,1950,1900,1950,1950,1950,1950,2000,2100,2125,2050,2095
"33647","Tampa","FL","Tampa","Hillsborough",40,,1850,1750,1885,2000,1975,1875,1800,1800,1750,1700,1750,1750,1850,1895,1897.5,1872.5,1895,1872.5,1895,1900,1800,1800,1800,1775,1800,1850,1897.5,1925,2000,2100,2000,1995,1990,2000,2000,1895,1850,1850,1850,1900,1917.5,1900,1895,1895,1850,1850,1905,1897.5,1895,1900,1925,1950,2000,1985,1950,1950,1910,1900,1850,1905,1925,1920,1950,1995,1997.5,1995,1985,2015,1910,1950,1962.5,1995,2000,1859,2000,2050,2085,2007.5,2000,2000,1997,1995,2000,1999.5,2000,2000,2100,2140,2125,2195
"76244","Fort Worth","TX","Dallas-Fort Worth","Tarrant",41,,,,,,,1495,1650,1662.5,1595,1694.5,1600,1600,1650,1650,1650,1600,1500,1600,1612.5,1595,1650,1600,1562.5,1550,1650,1612.5,1625,1637.5,1650,1628,1620,1650,1710,1695,1695,1695,1695,1675,1675,1700,1750,1700,1695,1675,1675,1725,1695,1600,1650,1725,1700,1785,1742.5,1712.5,1742.5,1795,1745,1795,1859,1795,1750,1750,1795,1745,1795,1800,1750,1725,1800,1750,2045,1850,1850,1850,1850,1892.5,1885,1895,1897.5,1850,1800,1800,1795,1795,1795,1850,1895,1895,1895,1900
"30040","Cumming","GA","Atlanta","Forsyth",42,,,,,,,,,,,,,,,,1625,1750,1725,1637.5,1675,1550,1725,1675,1650,1600,1672.5,1749,1700,1550,1650,1695,1700,1700,1685,1695,1650,1650,1695,1662.5,1650,1695,1597.5,1625,1675,1695,1695,1695,1750,1697.5,1700,1795,1800,1750,1802.5,1782.5,1775,1700,1700,1695,1695,1695,1695,1692,1695,1820,1800,1772.5,1795,1695,1797.5,1712.5,1750,1700,1740,1800,1750,1795,1795,1750,1750,1795,1728,1750,1719,1795,1778,1763,1780,1847.5,1800,1800
"79938","El Paso","TX","El Paso","El Paso",43,,,,,,,,,,,,,,,,1370,1390,1350,1350,1295,1295,1350,1332.5,1300,1290,1230,1275,1275,1250,1250,1250,1250,1250,1250,1295,1295,1250,1200,1200,1200,1250,1250,1295,1250,1245,1250,1247.5,1250,1225,1200,1250,1250,1250,1250,1250,1250,1250,1250,1200,1200,1200,1250,1250,1250,1225,1200,1250,1175,1200,1275,1250,1295,1200,1250,1250,1250,1250,1250,1295,1250,1250,1200,1200,1200,1200,1250,1200,1250,1295,1295,1295
"92336","Fontana","CA","Riverside","San Bernardino",44,,,,,,,,,,,,,,,,,,,,,,,,,,,,,,,,,,,,,,,,,,,,,,,,,,,,,,,,,,,,,,,,,,,,,,,,,2300,2275,2295,2400,2400,2375,2450,2450,2497.5,2395,2350,2400,2400,2438,2450,2500,2500,2450,2445
"77095","Houston","TX","Houston","Harris",45,,,,,,,,,,,,,,,,,,,,,,,,,,,,,,,,,,,,1739.5,1729,1700,1700,1700,1749.5,1750,1750,1825,1809,1799.5,1800,1800,1800,1800,1750,1800,1787.5,1795,1795,1799.5,1837.5,1800,1795,1797,1800,1800,1825,1825,1775,1785,1795,1750,1837,1790,1775,1625,1700,1737.5,1771.5,1775,1837.5,1800,1785,1760,1770,1800,1800,1795,1750,1800,1850,1875,1850,1825,1825
"77845","College Station","TX","College Station","Brazos",46,,,,,,,,,,,,,,1545,1600,1600,1600,1595,1550,1497.5,1400,1400,1497.5,1500,1495,1650,1600,1597.5,1600,1595,1595,1500,1500,1525,1600,1592.5,1590,1600,1650,1625,1600,1625,1600,1650,1600,1795,1650,1672.5,1697.5,1700,1695,1700,1750,1800,1850,1800,1685,1650,1740,1900,2000,1900,1885,1747.5,1800,2000,1800,1600,1695,1835,1975,1800,1800,1900,1800,1800,1750,1700,1700,1600,1695,1800,1800,1800,1850,1900,1825,1800,1700,1700,1600
"89117","Las Vegas","NV","Las Vegas","Clark",47,,,,,,,,,,,,,,,,,,,,,,,,,,,,,,,,,,,,,,,,,,,,,,,,,,,,,1750,1750,1700,1725,1650,1500,1500,1600,1600,1600,1612.5,1665,1699,1662.5,1599.5,1825,1597.5,1650,1600,1650,1650,1700,1700,1700,1795,1845,1900,1950,1775,1895,1900,1800,1895,1995,1950,1972.5,2070,1950,1895
"91730","Rancho Cucamonga","CA","Riverside","San Bernardino",48,,,,,,,,,,,,,,,,,,,,,,,,,,,,,,,,,,,,,,,,,,,,,,,,,,,,,,,,,,,,,,,,,,,,,,,,,,,,,,,,2300,2400,2350,2395,2400,2398,2365,2340,2400,2500,2497.5,2497.5
"92592","Temecula","CA","Riverside","Riverside",49,,,2100,2100,2099.5,2000,1997.5,1975,1950,2072.5,1899.5,1972.5,2100,1975,1985,1950,1995,1995,1995,2050,1995,2100,2050,2050,1999.5,1950,1950,1999.5,2050,2050,2000,2100,2000,2000,2000,2095,2095,2095,2000,2025,2099.5,2095,2100,2100,2097,2099.5,1995,2095,2095,2050,2050,2100,2100,2095,2050,2100,2150,2100,2097.5,2150,2154.5,2196,2195,2150,2200,2199,2195,2100,2195,2197,2125,2150,2300,2325,2400,2300,2375,2395,2350,2350,2400,2422.5,2400,2412.5,2485,2495,2450,2425,2400,2400,2495
"32244","Jacksonville","FL","Jacksonville","Duval",50,,,,,,,,,,,,,,,,,,,,,,,,,,,,,,,,,,,,,,,,,,,,,,,,,,,,,,,,,,,,,,,,,,,,,,,,,1275,1275.5,1299,1349.5,1300,1375,1395,1375,1295,1344,1315,1363,1399,1399,1450,1399,1399,1435.5,1397
"60628","Chicago","IL","Chicago","Cook",51,,,,,,,,,,,,,,,,,,,,,,,,,,,,,,,,,,,,,,,,,,,,,,,,,,,,,,,,,,,,,,,,,,,,,,,,,,,,1450,1475,1450,1450,1454.5,1450,1400,1400,1400,1450,1450,1500,1350,1350,1350,1400
"34787","Winter Garden","FL","Orlando","Orange",52,,,,,,,,,,,,,,,,,,,,,,,,,,,,,,,,,,,,,,,,,,,,,,,,,,,,,,,,,,,,,,,,,,,,,,,,,2150,2100,2125,2162.5,2175,2000,1995,2000,2100,2100,2195,2200,2200,2195,2250,2250,2225,2300,2250
"77450","Cinco Ranch","TX","Houston","Fort Bend",53,,,,,,,,,,,,,,,,2325,2350,2300,2400,2050,2100,1850,1885,2050,2300,2100,1947.5,2200,2200,2200,2300,2275,2300,2200,2400,2350,2025,2099.5,2000,2000,2200,2300,2250,2272.5,2200,2100,2100,1950,1995,1995,2100,2225,2250,2300,2300,2200,2200,2150,2187.5,2100,2095,2050,2200,2200,2425,2300,2100,1972.5,1995,1897.5,1900,1900,1900,1925,1950,1950,2000,2000,2074.5,2099.5,2100,2150,2125,2060,1990,1997.5,2100,2085,2000,2000,1999
"28078","Huntersville","NC","Charlotte","Mecklenburg",54,,,,,,,,,,,,,,,,,,,,,,,,,,,,,,,,,,,,,,,,,,,,,,,,,,,,,,,,,,,,,,,,,,,,,,,,,1937.5,1850,1825,1899,1875,1895,1855,1875,1895,1850,1797.5,1795,1795,1775,1809.5,1850,1795,1795,1984.5
"30062","Marietta","GA","Atlanta","Cobb",55,,,,,,,,,,,,,,,,,,,,,,,,,,,,,,,,,,,,,,,,,,,,,,,,,,,,,,,,,,,,,,,,,,,,,,,,,,,2100,2100,2095,2100,2000,1990,2000,2060,2077.5,2000,2000,2150,1925,2000,2000,2200,2195
"33186","The Crossings","FL","Miami-Fort Lauderdale","Miami-Dade",55,,2072.5,2095,2100,2200,2200,2200,2150,2150,2150,2125,2200,2197.5,2050,2095,2000,2100,2100,2100,2100,2225,2200,2200,2300,2300,2200,2250,2100,2200,2350,2400,2300,2300,2300,2300,2200,2270,2250,2300,2300,2300,2300,2300,2250,2300,2350,2325,2300,2300,2300,2300,2300,2250,2242.5,2395,2200,2350,2372.5,2332.5,2400,2400,2400,2400,2400,2450,2550,2400,2425,2425,2500,2500,2500,2400,2450,2350,2400,2400,2500,2500,2500,2500,2475,2450,2500,2500,2500,2500,2500,2499,2499.5,2500
"30052","Loganville","GA","Atlanta","Gwinnett",57,,,,,,,,,,,,,,,,,,,,,,,,,,,,,,,,,,,,,,,,,,,,,,,,,,,,,,,,,,,,,,,,,,,,,,,,,1450,1450,1479,1495,1519,1528,1599.5,1500,1507.5,1495,1495,1495,1490,1537,1550,1595,1642.5,1642,1582.5
"30041","Cumming","GA","Atlanta","Forsyth",58,,,,,,,,,,,,,,,,,,,,,,,,,,,,,,,,,,,,,,,,,,,,,,,,,,,,,,,,,,,,,,,,,,,,,,,1865,1925,1895,1900,2022.5,2000,2000,2000,1972.5,1955,1990,1950,1995,1950,1982.5,1900,1950,1995,1997,2000,2000
"60649","Chicago","IL","Chicago","Cook",59,,,,,,,,,,,,,,,,,,,,,,,,,,,,,,,,,,,,,,,,,,,,,,,,,,,,,,,,,,,,,,,,,,,,,,,,,,,,1250,1250,1250,1250,1350,1250,1250,1250,1250,1250,1400,1400,1310.5,1275,1287.5,1300
"32218","Jacksonville","FL","Jacksonville","Duval",60,,,,,,,,,,,,,,,,,,,,,,,,,,,,,,,,,,,,,,,,,,,,,,,,,,,,,,,,,,,,,,,,,,,,,,,,,1400,1395,1432,1497.5,1495,1495,1450,1492,1500,1550,1495,1495,1495,1486,1550,1550,1595,1595,1550
"02155","Medford","MA","Boston","Middlesex",61,,,,,,,,,,,,,,,,,,,,,,,,2750,2700,2800,2800,2800,2800,2600,2600,2600,2550,2500,2500,2400,2500,2300,2600,2700,2800,2800,2800,2750,2700,2700,2700,2500,2550,2800,2775,2800,2900,3000,2875,2800,2800,2800,2800,2700,3000,3000,2875,3000,3200,3200,3000,2800,2600,2800,2750,2725,2800,3000,2950,3000,3095,3200,3200,3000,3000,3200,3300,3200,3200,3400,3400,3400,3250,3200,3200
"30022","Johns Creek","GA","Atlanta","Fulton",62,,,,,,,,,,,,,,,,,,,,,,,,,,,,,,,,,,,,,,,,,,,,,,,,,,,,,,,,,,,,,,,,,,,,,,,,,2275,2180,2150,2200,2195,2200,2200,2200,2100,2095,2200,2200,2200,2050,2050,2140,2097.5,2100,2100
"33027","Miramar","FL","Miami-Fort Lauderdale","Broward",63,,,,,,,,,,,,,,,,,,,,,,,,,,,,,,,,,,,,,,,,,,,,,,,,,,,,,,,,,,,,,,,,,,,,,,,,,2637,2644,2650,2660,2699,2625,2599,2600,2655,2650,2600,2600,2550,2520,2510,2550,2650,2712.5,2600
"89052","Henderson","NV","Las Vegas","Clark",63,,,,,,,,,,,,,,,,,,,,,,,,,,,,,,,,,,,,,,,,,,,,,,,,,,,,,,,,,,,,,,,,,,,,,,,,,1937.5,1900,1925,1995,1995,2150,2100,1995,1975,2050,2150,2100,2000,2100,2100,2150,2197.5,2125,2095
"75035","Frisco","TX","Dallas-Fort Worth","Collin",65,,,,,,,,,,,,,,,,,,,,,,,,,,,,,,1795,1895,1990,1950,1995,1900,1900,1897.5,1875,1872.5,1900,1937.5,1850,1850,1850,1850,1875,1895,1850,1895,1972.5,1997.5,1997.5,1950,1990,1950,1995,2000,1975,2000,2050,2095,2000,2097.5,2100,2025,2000,2025,2000,2000,1997.5,2097.5,2047.5,2000,1997.5,2095,2100,2022.5,2100,2195,2125,2195,2125,2100,2095,2100,2197,2100,2100,2100,2175,2100
"34953","Port Saint Lucie","FL","Port St. Lucie","Saint Lucie",66,,,,,,,,,,,,,,,,,,,,,,,,,,,,,,,,,,,,,,,,,,,,,,,,,,,,,,,,,,,,,,,,,,,,,,,,,1600,1674.5,1700,1700,1682,1650,1675,1695,1650,1687.5,1650,1650,1675,1675,1745,1695,1700,1800,1797
"91710","Chino","CA","Riverside","San Bernardino",67,,,,,,,,,,,,,,,,,,,,,,,,,,,,,,,,,,,,,,,,,,,,,,,,,,,,,,,,,,,,,,,,,,,,,,,,,2499,2500,2550,2525,2587.5,2500,2522,2550,2625,2500,2550,2525,2500,2600,2600,2637.5,2590,2500,2600
"30127","Powder Springs","GA","Atlanta","Cobb",68,,,,,,,,,,,,,,,,,,,,,,,,,,,,,,,,,,,,,,,,,,,,,,,,,,,,,,,,,,,,,,,,,,,,,,,,,,,,,,,,1595,1585,1425,1545,1540,1550,1525,1595,1662.5,1650,1592.5,1575
"30004","Milton","GA","Atlanta","Fulton",69,,,,,,,,,,,,,,,,,,,,,,,,,,,,,,,,,,,,,,,,,,,,,,,,,,,,,,,,,,,,,,,,,,,,,,,,,,,,2400,2350,2200,2200,2250,2195,2175,2200,2200,2195,2195,2200,2250,2400,2300,2400
"89123","Las Vegas","NV","Las Vegas","Clark",70,,,,,,,,,,,,,,,,,,,,,,,,,,,,,,,,,,,,,,,,,,,,,,,,,,,,,,,,,,,,,,,,,,,,,,,,,1699,1600,1635,1635,1650,1650,1675,1625,1768,1695,1700,1700,1700,1700,1700,1695,1749,1685,1850
"94509","Antioch","CA","San Francisco","Contra Costa",71,,,,,,,,,,,,,,,,,,,,,,,,,,,,,,,,,,,,,,,,,,,,,,,,,,,,,,,,,,,,,,,,,,,,,,,,,2137.5,2250,2200,2250,2200,2350,2295,2350,2200,2250,2189.5,2200,2345,2400,2372.5,2375,2500,2400,2299
"60622","Chicago","IL","Chicago","Cook",72,,,,,,,,,,,,,,,,,,,,,,,,,,,,,,,,,,,,,,,,,,,,,,,,,,,,,,,,,,,,,,,,,,,,,,,,,,,,,3450,3300,3200,3247.5,3200,2800,3195,3200,3200,3200,3200,3200,3200,3200,3200
"32828","Orlando","FL","Orlando","Orange",73,,,,,,,1600,1592.5,1537.5,1400,1425,1550,1500,1525,1572.5,1550,1500,1550,1550,1500,1500,1550,1550,1500,1550,1595,1595,1585,1595,1550,1595,1675,1595,1595,1595,1595,1595,1595,1595,1595,1637.5,1650,1595,1637.5,1600,1595,1550,1550,1595,1600,1625,1685,1700,1695,1720.5,1700,1600,1600,1625,1699.5,1695,1680,1650,1625,1597.5,1695,1725,1725,1695,1600,1697.5,1650,1795,1812.5,1725,1847.5,1800,1800,1875,1849.5,1812.5,1895,1900,1849,1897.5,1862.5,1850,1972.5,1990,1900,1907.5
"89031","North Las Vegas","NV","Las Vegas","Clark",74,,,,,1225,1250,1250,1250,1250,1200,1200,1200,1200,1200,1225,1275,1250,1200,1195,1195,1195,1200,1195,1195,1195,1199.5,1200,1195,1200,1212.5,1200,1200,1200,1250,1200,1195,1195,1195,1195,1195,1195,1197.5,1200,1200,1225,1250,1200,1200,1200,1200,1250,1250,1295,1300,1297.5,1250,1250,1275,1250,1250,1250,1250,1250,1275,1295,1300,1325,1374.5,1349,1320,1299.5,1325,1300,1325,1349.5,1375,1300,1400,1400,1400,1395,1400,1385,1349.5,1382.5,1395,1400,1450,1495,1457.5,1495
"33157","Village of Palmetto Bay","FL","Miami-Fort Lauderdale","Miami-Dade",75,,,,,,,,,,,,,,,,,,,,,,,,,,,,,,,,,,,,,,,,,,,,,,,,,,,,,,,,,,,,,,,,,,,,,,,,,,,2600,2999.5,2999,2751,3000,3100,2600,2817.5,3095,3190,2975,3000,3200,3000,2970,2995,2650
"75002","Allen","TX","Dallas-Fort Worth","Collin",76,,,,,,,,,,,,,,,,,,,,,,,,,,,,,,,,,,,,,,,,,,,,,,,,,,,,,,,,,,,,,,,,,,,,,,,,,1975,1900,1950,1995,2000,2011.5,2000,2000,2050,1975,1950,1960,1950,1950,2000,2062.5,1995,1995,1995
"30253","McDonough","GA","Atlanta","Henry",77,,,,,,,,,,,,,,,,,,,,,,,,,,,,,,,,,,,,,,,,,,,,,,,,,,,,,,,,,,,,,,,,,,,,,,,,,1399,1400,1409.5,1400,1395,1450,1460,1495,1460,1445,1445,1445,1420,1412.5,1450,1485,1525,1550,1582.5
"33511","Brandon","FL","Tampa","Hillsborough",78,,,,,,,,,,,,,,,,,,,,,,,,,,,,,,,,,,,,,,,,,,,,,,,,,,,,,,,,,,,,,,,,,,,,,,,,,1600,1649.5,1650,1637.5,1630,1650,1650,1629.5,1595,1550,1550,1650,1685,1690,1705,1725,1700,1705,1710
"60637","Chicago","IL","Chicago","Cook",79,,,,,,,,,,,,,,,,,,,,,,,,,,,,,,,,,,,,,,,,,,,,,,,,,,,,,,,,,,,,,,,,,,,,,,,,1300,1300,1300,1300,1300,1300,1300,1300,1262.5,1300,1325,1350,1300,1250,1300,1350,1325,1300,1300,1350
"94513","Brentwood","CA","San Francisco","Contra Costa",80,,,,,,,,,,,,,,,,,,,,,,,,,,,,,,,,,,,,,,,,,,,,,,,,,,,,,,,,,,,,,,,,2495,2400,2495,2500,2497.5,2450,2400,2400,2375,2400,2400,2400,2550,2695,2625,2600,2600,2695,2650,2580,2597.5,2500,2500,2595,2795,2725,2725,2738.5
"10031","New York","NY","New York","New York",81,,,,,,,,,,,,,,,,,,,,,,,,,,,,,,,,,,,,,,,,,,,,,,,,,,,,,,,,,,,,,,,,,,,,,,,,,3300,3500,3400,3400,3500,3484,3547.5,3400,3500,3400,3295,3391,3397.5,3500,3397.5,3497.5,3600,3595,3597.5
"32765","Oviedo","FL","Orlando","Seminole",82,,,,,,,,,,,,,,,,,,,,,,,,,,,,,,,,,,,,,,,,,,,,,,,,,,,,,,,,,,,,,,,,,,,,,,,,,,1897.5,1900,1900,2025,2075,2002.5,1912.5,1875,1850,1909.5,1890,1905,1995,1975,1990,1950,1990,2100
"89074","Henderson","NV","Las Vegas","Clark",83,,,,,,,,,,,,,,,,,,,,,,,,,,,,,,,,,,,,,,,,,,,,,,,,,,,,,,,,,,,,,,,,,,,,1637.5,1650,1510,1672.5,1587.5,1724.5,1750,1750,1725,1700,1750,1795,1799.5,1600,1600,1750,1795,1795,1795,1760,1995,1872.5,1795,1900
"77346","Atascocita","TX","Houston","Harris",84,,,,,,,,,,,,,,,,,,,,,,,,,,,,,,,,,,,,,1800,1700,1637.5,1600,1625,1650,1700,1785,1700,1700,1744.5,1714.5,1700,1762.5,1795,1800,1762.5,1750,1775,1767,1799.5,1775,1754.5,1775,1750,1787,1824.5,1995,1825,1729,1727,1800,1750,1725,1719,1625,1790,1799.5,1792,1795,1795,1800,1785,1795,1750,1750,1750,1750,1795,1782.5,1850,1950,1900,1895,1852.5
"19104","Philadelphia","PA","Philadelphia","Philadelphia",85,,,,,,,,,,,,,,,,,,,,,,,,,,,,,,,,,,,,,,,,,,,,,,,,,,,,,,,,,,,,,,,,,,,,,,,,,,2450,2400,2400,2400,2400,2260,2400,2300,2200,2400,2500,2500,2500,2500,2500,2500,2500,2400
"30101","Acworth","GA","Atlanta","Cobb",86,,,,,,,,,,,,,,,,,,,,,,,,,,,,,,,,,,,,,,,,,,,,,,,,,,,,,,,,,,,,,,,,,,,,,,,,,1597,1550,1637,1599.5,1599,1595,1625,1610,1620,1637.5,1600,1595,1625,1697.5,1696,1695,1650,1695,1700
"92620","Irvine","CA","Los Angeles-Long Beach-Anaheim","Orange",87,,,,,,,,,,,,,,,,,,,,,,,,,,,,,,,,,,,,,,,,,,,,,,,,,,,,,,,,,,,,,,,,,,,,,,,,,3800,4000,4100,4075,4000,4272.5,4000,4000,4050,4050,4095,4200,4000,4000,4000,4100,4300,4200,4095
"89148","Las Vegas","NV","Las Vegas","Clark",88,,,,,,,,,,,,,1520,1495,1495,1450,1445,1495,1400,1395,1400,1395,1350,1350,1350,1350,1395,1495,1500,1475,1475,1450,1472.5,1450,1395,1400,1400,1450,1450,1450,1500,1522.5,1450,1500,1500,1450,1450,1462.5,1495,1450,1450,1499,1450,1400,1500,1595,1495,1495,1535,1500,1595,1595,1550,1495,1550,1550,1500,1450,1497,1495,1572.5,1500,1575,1632.5,1625,1650,1650,1600,1650,1695,1650,1650,1650,1650,1650,1650,1695,1695,1700,1750,1795
"78254","San Antonio","TX","San Antonio","Bexar",89,,,,,,,,,,,,,,,,,,,,,,,,,,,,,,,,,,,,,,,,,,,,,,,,,,,,,,,,,,,,,,,,,,,,,,,,,1512.5,1650,1695,1650,1650,1600,1597.5,1650,1725,1650,1600,1562.5,1600,1595,1600,1670,1692.5,1650,1650
"77070","Houston","TX","Houston","Harris",90,,,,,,,,,,,,,,,,,,,,,,,,,,,,,,,,,,,,,,,,,,,,,,,,,,,,,,,,,,,,,,,,,,,,,,,,,,1647,1625,1795,1700,1747.5,1700,1700,1700,1695,1750,1700,1750,1797.5,1800,1750,1700,1775,1800
"96706","Ewa Beach","HI","Urban Honolulu","Honolulu",91,,,,,,,,,,,,,,,,,,,,,,,,,,,,,,,,,,,,,,,,,,,,,,,,,,,,,,,,,,,,,,,,,,,,,,,,,3200,3200,3287.5,3400,3300,3275,3300,3125,3185,3000,3000,3000,3200,2925,3200,3200,3300,3375,3275
"06511","New Haven","CT","New Haven","New Haven",92,,,,,,,,,,,,,,,,,,,,,,,,,,,,,,,,,,,,,,,,,,,,,,,,,,,,,,,,,,,,,,,,,,,,,,,,,,1500,1600,1600,1650,1700,1562.5,1597.5,1650,1650,1625,1650,1595,1650,1695,1750,1650,1747.5,1900
"92562","Murrieta","CA","Riverside","Riverside",93,,,,,,,,,,,,,,,,,,,,,,,,,,,,,,,,,,,,,,,,,,,,,,,,,,,,,,,,,,,,,,,,,,,,,,,,,2197.5,2300,2300,2225,2150,2272.5,2299.5,2200,2200,2150,2199,2300,2251,2250,2200,2250,2450,2412.5,2350
"77375","Tomball","TX","Houston","Harris",94,,,,,,,,,,,,,,,,,,,,,,,,,,,,,,,,,,,,,,,,,,,,,,,,,,,,,,,,,,,,,,,,,,,,,,,,1650,1662.5,1687.5,1675,1800,1950,1995,1872.5,1850,1800,1850,1800,1850,1875,1925,1950,2000,1997.5,1950,2100
"02135","Boston","MA","Boston","Suffolk",95,2600,2600,2600,2600,2550,2500,2500,2500,2550,2600,2700,2800,2700,2650,2650,2700,2750,2700,2724.5,2660,2800,2800,2800,2800,2800,2900,2950,2950,3000,3000,3000,3000,3000,2950,2950,2950,2999,3000,3000,3100,3150,3100,3100,3100,3200,3100,3199,3200,3200,3100,3100,3200,3200,3100,3100,3100,3050,3000,3050,3100,3200,3200,3200,3300,3300,3300,3300,3200,3200,3200,3200,3150,3400,3400,3400,3400,3400,3400,3400,3400,3400,3300,3400,3400,3400,3400,3400,3400,3500,3450,3400
"76137","Fort Worth","TX","Dallas-Fort Worth","Tarrant",96,,,,,,,,,,,,,,,,,,,,,,,,,,,,,,,,,,,,,,,,,,,,,,,,,,,,,,,,,,,,,,,,,,,,,,,,,,,1737.5,1755,1777.5,1745,1745,1700,1700,1607.5,1595,1550,1600,1595,1720,1775,1737.5,1750,1695
"92130","San Diego","CA","San Diego","San Diego",97,,,,,,,,,,,,,,,,,,,,,,,,,,,,,,,,,,,,,,,,,,,,,,,,,,,,,,,,,,,,,,,,,,,,,,,,,4195,4295,4500,4500,4597,4400,4200,4350,4400,4500,4500,4500,4500,4400,4500,4597.5,4650,4497.5,4575
"89147","Las Vegas","NV","Las Vegas","Clark",98,,,,,,,,,,,,,1300,1300,1300,1350,1350,1350,1350,1350,1350,1300,1300,1297.5,1300,1300,1350,1495,1450,1400,1322.5,1300,1375,1385,1395,1395,1375,1400,1400,1400,1400,1420,1432.5,1375,1450,1450,1395,1395,1467.5,1425,1400,1450,1467.5,1450,1485,1496.5,1350,1400,1400,1395,1407.5,1500,1600,1535,1495,1600,1530,1395,1450,1487.5,1399,1485,1400,1450,1500,1650,1600,1650,1650,1574,1550,1550,1595,1595,1650,1600,1695,1697.5,1672.5,1650,1700
"92563","Murrieta","CA","Riverside","Riverside",99,,,,,,,1872.5,1972.5,1895,1895,1897.5,1950,1950,1897.5,1900,1900,1900,1900,1850,1850,1850,1850,1895,1895,1900,1895,1895,1895,1900,1900,1900,1900,1900,1900,1900,1895,1899,1895,1875,1895,1962.5,1925,1900,1950,1995,1975,1945,1937.5,1950,1950,1928,1998,2000,2000,2072.5,1999,1995,1995,2097.5,2000,1995,2000,2000,1995,2050,2100,2000,2100,2195,2091,2095,2095,2096,2195,2195,2200,2200,2150,2200,2295,2275,2272.5,2200,2170,2200,2295,2295,2300,2295,2295,2295
"30144","Kennesaw","GA","Atlanta","Cobb",100,,,,,,,,,,,,,,,,,,,,,,,,,,,,,,,,,,,,,,,,,,,,,,,,,,,,,,,,,,,,,,,,,,,,,,,,,1600,1650,1572.5,1575,1645,1695,1685,1700,1670,1691,1660,1650,1645,1645,1650,1700,1707,1775,1775
"28540","Jacksonville","NC","Jacksonville","Onslow",101,,,,,,,,,,,,,,,,,,,,,,,,,,,,,,,,,,,,,,,,,,,,,,,,,,,,,,,,,,,,,,,,,,,,,,,,,1175,1050,1125,1150,1200,1150,1097.5,1045,1025,1050,1000,1037.5,1050,1147.5,1100,1087.5,1150,1250,1300
"29229","Columbia","SC","Columbia","Richland",102,,,,,,,,,,,,,,,,,,,,,,,,,,,,,,,,,,,,,,,,,,,,,,,,,,,,,,,,,,,,,,,,,,,,,,,,,1350,1350,1350,1397.5,1450,1550,1495,1495,1400,1450,1400,1400,1395,1380,1400,1435,1425,1425,1450
"77373","Spring","TX","Houston","Harris",103,,,,,,,,,,,,,,,,,,,,,,,,,,,,,,,,,,,,,,,,,,,,,,,,,,,,,,,,,,,,,,,,,,,,,,,,,1550,1550,1459,1450,1475,1550,1600,1530,1550,1500,1550,1575,1620,1650,1625,1600,1625,1650,1625
"38016","Memphis","TN","Memphis","Shelby",104,,,,,,,,,,,,,,,,,,,,,,,,,,,,,,,,,,,,,,,,,,,,,,,,,,,,,,,,,,,,,,,,,,,,,,,,,,,,,,,,1570,1595,1637.5,1620,1585,1500,1500,1645,1690,1675,1685,1595
"23456","Virginia Beach","VA","Virginia Beach","Virginia Beach City",105,,,,,,,,,,,,,,,,,,,,,,,,,,,,,,,,,,,,,,,,,,,,,,,,,,,,,,,,,,,,,,,,,,,,,,,,,,1950,1985,1995,1950,2000,1950,1895,1995,1962.5,1897.5,1900,1925,1995,1947.5,2100,2150,2100,2000
"28546","Jacksonville","NC","Jacksonville","Onslow",106,,,1225,1250,1200,1250,1257,1300,1300,1300,1250,1225,1195,1195,1150,1200,1250,1250,1237.5,1200,1221,1200,1197,1150,1150,1160,1160,1160,1237.5,1200,1195,1195,1162.5,1195,1100,1100,1100,1095,1075,1100,1200,1200,1200,1200,1195,1150,1100,1100,1100,1100,1100,1150,1195,1175,1150,1100,1100,1100,1100,1100,1150,1100,1112.5,1200,1200,1150,1150,1212.5,1100,1198.5,1100,1050,1100,1147.5,1150,1175,1200,1250,1200,1150,1100,1100,1100,1125,1137.5,1225,1162.5,1200,1262.5,1250,1250
"78253","San Antonio","TX","San Antonio","Bexar",107,,,,,,,,,,,,,,,,,,,,,,,,,,,,,,,,,,,,,,,,,,,,,,,,,,,,,,,,,,,,,,,,,,,,,,,1600,1615,1692,1697.5,1695,1695,1787.5,1797.5,1800,1800,1750,1692,1725,1695,1695,1695,1695,1750,1750,1800,1750
"30114","Canton","GA","Atlanta","Cherokee",108,,,,,,,,,,,,,,,,,,,,,,,,,,,,,,,,,,,,,,,,,,,,,,,,,,,,,,,,,,,,,,,,,,,,,,,,1475,1517,1500,1550,1550,1550,1615,1600,1587.5,1577.5,1557.5,1575,1600,1582.5,1597.5,1595.5,1645,1645,1595,1595.5
"89129","Las Vegas","NV","Las Vegas","Clark",109,,,,,,,,,,,,,,,,,,,,,,,,,,,,,,,,,,,,,,,,,,,,,,,,,,,,,,,,,,,,,,,,,,,,,,,,,1557.5,1495,1495,1500,1495,1511,1612.5,1500,1495,1590,1587.5,1547.5,1500,1500,1550,1650,1650,1650,1590
"92880","Eastvale","CA","Riverside","Riverside",110,,,,,,,,,,,,,2300,2300,2300,2350,2300,2300,2300,2300,2300,2295,2300,2300,2300,2300,2300,2300,2285,2265,2300,2300,2300,2350,2300,2300,2300,2300,2300,2300,2300,2300,2350,2350,2300,2345,2300,2300,2300,2300,2300,2350,2300,2400,2400,2400,2400,2400,2400,2400,2400,2400,2437.5,2425,2400,2450,2500,2500,2300,2455,2500,2450,2497,2550,2550,2600,2568.5,2550,2550,2572.5,2550,2550,2500,2500,2500,2500,2595,2595,2600,2600,2600
"33578","Riverview","FL","Tampa","Hillsborough",111,,,,,,,,,,,,,,,,,,,,,,,,,,,,,,,,,,,,,,,,,,,,,,,,,,,,,,,,,,,,,,,,,,,,,,,,1500,1519,1530,1550,1517,1525,1550,1600,1610,1587.5,1600,1550,1550,1575,1550,1597.5,1600,1650,1665,1675
"75025","Plano","TX","Dallas-Fort Worth","Collin",112,,,,,,,,,,,,,,,,,,,,,,,,,,,,,1925,1970,1900,1900,1950,1950,1995,2022.5,1995,1950,1950,1950,1972.5,1995,2095,2097.5,1995,1995,1999,1995,1950,1995,2000,2095,2000,2100,2150,2200,2100,2147.5,2100,2072,1999.5,2072.5,2000,2000,2100,2100,2150,2200,2146,1995,2100,1995,2075,2150,2100,2195,2250,2200,2197.5,2150,2150,2100,2000,2000,2100,2100,2100,2100,2150,2195,2200
"78258","San Antonio","TX","San Antonio","Bexar",113,,,,,,,,,,,,,,,,,,,,,,,,,,,,,,,,,,,,,,,,,,,,,,,,,,,,,,,,,,,,,,,,,,,,,,2112.5,2000,2097.5,2272,2283.5,2265,2265,2255,2325,2265,2395,2254,2089,2119.5,2195,2200,2195,2200,2283.5,2200,2281,2325
"93312","Bakersfield","CA","Bakersfield","Kern",114,,,,,,,,,,,,,,,,,,,,,,,,,,,,,,,,,,,,,,,,,,,,,,,,,,,,,,,,,,,,,,,,,,,,,,,,1600,1650,1650,1650,1650,1650,1662.5,1750,1750,1700,1725,1750,1750,1695,1695,1625,1675,1695,1695,1695
"92618","Irvine","CA","Los Angeles-Long Beach-Anaheim","Orange",115,,,,,,,,,,,,,,,,,,,,,,,,,,,,,,,,,,,,,,,,,,,,,,,,,,,,,,,,,,,,,,,,,,,,,,,,,4000,4175,4125,4100,4100,4000,4125,4175,4150,4200,4250,4000,4200,4200,4175,4450,4500,4500,4280
"75068","Little Elm","TX","Dallas-Fort Worth","Denton",116,,,,,,,,,,,,,,,,,,,,,,,,,,,1695,1650,1650,1600,1650,1650,1600,1625,1600,1597.5,1597.5,1600,1597.5,1600,1650,1697.5,1650,1650,1695,1695,1700,1750,1795,1700,1737.5,1697.5,1750,1795,1797.5,1850,1850,1800,1785,1800,1895,1837.5,1850,1850,2000,1795,1750,1897.5,1850,1950,1800,1795,1795,1862.5,1800,1950,1995,1900,1950,1900,1900,1895,1850,1850,1850,1925,1950,1980,1957.5,1950,1922.5
"22554","Stafford","VA","Washington","Stafford",117,,,,,,,,,,,,,,,,,,,,,,,,,,,,,,,,,,,,,,,,,,,,,,,,,,,,,,,,,,,,,,,,,,,,,,,,,2100,2150,2100,2272.5,2272.5,2200,2200,2100,2172.5,2150,2200,2175,2150,2150,2200,2250,2200,2250,2300
"33178","Doral","FL","Miami-Fort Lauderdale","Miami-Dade",118,2500,2500,2500,2562.5,2500,2650,2600,2600,2500,2500,2575,2575,2672.5,2650,2650,2700,2700,2700,2800,2600,2600,2600,2650,2700,2600,2600,2600,2700,2800,2750,2712.5,2700,2650,2662.5,2650,2650,2650,2650,2600,2595,2699,2750,2800,2800,2750,2750,2700,2700,2700,2800,2800,2800,2900,3000,2850,2900,2950,3000,2925,2900,2900,2900,2950,2950,3000,2800,2850,2874.5,2950,2899.5,2850,2750,2800,2850,2899.5,2850,2800,2900,2990,2900,2900,2900,2900,2912.5,2900,2900,3000,3000,3000,2990,2980
"66502","Manhattan","KS","Manhattan","Riley",119,,,,,,,,,,,,,,,,,,,,,,,,,,,,,,,,,,,,,,,,,,,,,,,,,,,,,,,,,,,,,,,,,,,,,,,,1400,1440,1440,1400,1345,1325,1350,1277.5,1250,1200,1165,1260,1400,1400,1440,1390,1380,1300,1249,1200
"75071","McKinney","TX","Dallas-Fort Worth","Collin",120,,,,,,,,,,,,,,,,,,,,,,,,,,,,,,,,,,,,,,,,,,,,,,,,,,,,,,,,,,,,,,,,,,,,,,,1850,1800,1795,1900,1950,1950,1950,1900,1895,1895,1837.5,1812.5,1850,1850,1850,1900,1900,1895,1987.5,1995,1972.5
"92037","San Diego","CA","San Diego","San Diego",121,,,,,,,,,,,,,,,,,,,,,,,,,,,,,,,,,,,,,,,,,,,,,,,,,,,,,,,,,,,,,,,,,,,,,,,,,,,7500,7500,8000,8400,8000,7550,8000,7997.5,7995,7450,7500,8000,7500,7500,7800,7350,7200
"33033","Homestead","FL","Miami-Fort Lauderdale","Miami-Dade",122,,,,,,,,,,,,,,,,,,,,,,,,,,,,,,,,,,,,,,,,,,,,,,,,,,,,,,,,,,,,,,,,,,,,,,1725,1600,1700,1800,1800,1800,1775,1800,1800,1800,1775,1850,1875,1821,1862.5,1772.5,1800,1850,1825,1847.5,1900,1900
"79928","Horizon City","TX","El Paso","El Paso",123,,,,,,,,,,,,,,,,,,,,,,,,,,,,,,,,,,,,,,,,,,,,,,,,,,,,,,,,,,,,,,,,,,,,,,,,,,1150,1195,1195,1100,1100,1119.5,1125,1150,1175,1200,1250,1150,1230,1300,1299.5,1350,1349,1295
"77407","Richmond","TX","Houston","Fort Bend",124,,,,,,,,,,,,,,,,,,,,,,,,,,,,,,,,,,,,,,,1897.5,1900,2000,2095,2100,2150,1950,1900,1972.5,2100,2197.5,1932.5,1825,1895,1925,1895,1872.5,1850,1850,1850,1890,1900,1975,1850,1850,1950,1800,1990,1899,1900,1925,1950,1849,1850,1950,1950,1950,1950,1950,1897,1897.5,1962.5,1962.5,1999,2000,1900,1850,1825,1850,1850,1900,1900,1900
"28173","Waxhaw","NC","Charlotte","Union",125,,,,,,,,,,,,,,,,,,,,,,,,,,,,,,,,,,,,,,,,,,,,,,,,,,,,,,,,,,,,,,,,,,,,,,,,,2149,2080,2099,2089,1995,2097.5,2195,2195,2195,2095,2085,2090,2125,2097.5,2045,2150,2100,2100,2095
"28117","Mooresville","NC","Charlotte","Iredell",126,,,,,,,,,,,,,,,,,,,,,,,,,,,,,,,,,,,,,,,,,,,,,,,,,,,,,,,,,,,,,,,,,,,,,,,,,1782.5,1800,1800,1872.5,1972.5,1825,1995,1895,1795,1745,1735,1795,1725,1795,1795,1695,1800,1849,1800
"75024","Plano","TX","Dallas-Fort Worth","Collin",127,,,,,,,,,,,,,,,,,,,,,,,,,,,,,,,,,,,,,,,,,,,,,,,,,,,,,,,,,,,,,,,,,,,,,,,,,2272.5,2425,2292.5,2295,2345,2400,2300,2422.5,2400,2200,2200,2250,2300,2262.5,2225,2195,2400,2500,2425
"30809","Evans","GA","Augusta","Columbia",128,,,,,,,,,,,,,,,,,,,,,,,,,,,,,,,,,,,,,,,,,,,,,,,,,,,,,,,,,,,,,,,,,,,,,,,,1495,1500,1575,1595,1562.5,1595,1625,1600,1550,1550,1595,1575,1595,1622.5,1550,1575,1562.5,1599.5,1650,1600
"32746","Lake Mary","FL","Orlando","Seminole",129,,,,,,,,,,,,,,,,,,,,,,,,,,,,,,,,,,,,,,,,,,,,,,,,,,,,,,,,,,,,,,,,,,,,,,,,,,1990,2100,2195,2225,2325,2197.5,2200,2150,2022.5,2022.5,2000,2195,2295,2296,2200,2322.5,2350,2430
"30518","Buford","GA","Atlanta","Gwinnett",130,,,,,,,,,,,,,,,,,,,,,,,,,,,,,,,,,,,,,,,,,,,,,,,,,,,,,,,,,,,,,,,,,,,,,,,,,,1650,1650,1600,1625,1695,1699.5,1650,1640,1610,1600,1600,1625,1700,1722.5,1725,1725,1786,1800
"33179","Ives Estates","FL","Miami-Fort Lauderdale","Miami-Dade",131,,,,,,,,,,,,,,,,,,,,,,,,,,,,,,,,,,,,,,,,,,,,,,,,,,,,,,,,,,,,,,,,,,,,,,,,,,,,2600,2600,2550,2600,2750,2800,2750,2700,2750,2700,2725,2750,2950,3100,3100,3100
"77406","Richmond","TX","Houston","Fort Bend",132,,,,,,,,,,,,,,,,,,,,,,,,,,,,,,,,,,,,,,,,,,,,,,,,,,,,,,,,,,,,,,,,,,,,,,,,,1850,1850,1800,1885,1985,1950,1985,2050,1999.5,1995,1900,1995,2000,1900,1900,1900,1972.5,2100,2100
"28306","Fayetteville","NC","Fayetteville","Cumberland",133,,,,,,,,,,,,,,,,,,,,,,,,,,,,,,,,,,,,,,,,,,,,,,,,,,,,,,,,,,,,,,,,,,,,,,,,,,1400,1400,1425,1450,1500,1400,1375,1397.5,1350,1450,1422.5,1475,1497.5,1475,1500,1500,1550,1600
"30097","Duluth","GA","Atlanta","Gwinnett",134,,,,,,,,,,,,,,,,,,,,,,,,,,,,,,,,,,,,,,,,,,,,,,,,,,,,,,,,,,,,,,,,,,,,,,,,,1950,2100,2025,2025,2050,2047.5,2200,2100,2050,1999.5,1995,2000,2050,2025,2050,2000,2100,2100,2100
"19121","Philadelphia","PA","Philadelphia","Philadelphia",135,,,,,,,,,,,,2200,2400,2300,2300,2200,2197.5,2100,2000,2000,2000,2100,2200,2280,2200,2260,2300,2260,2100,2100,2000,2000,2000,2200,2400,2100,2200,2200,2200,2200,2000,2000,2000,2000,2000,2000,2200,2200,2200,2200,2200,2200,2200,2100,2000,2000,2100,2200,2200,2200,2200,2200,2200,2200,2200,2100,2000,2000,2000,2200,2200,2400,2200,2200,2200,2200,2200,2200,2200,2200,2200,2400,2300,2300,2300,2260,2200,2200,2200,2200,2100
"20148","Ashburn","VA","Washington","Loudoun",136,,,,,,,,,,,,,,,,,,,,,,,,,,,,,,,,,,,,,,,,,,,,,,,,,,,,,,,,,,,,,,,,,,,,,,,,,,,2625,2647.5,2700,2600,2750,2750,2790,2645,2800,2700,2590,2550,2600,2850,2750,2900,2837.5
"77469","Richmond","TX","Houston","Fort Bend",137,,,,,,,,,,,,,,,,,,,,,,,,,,,,,,,,,,,,,,,,,,,,,,,,,,,,,,,,,,,,,,,,,,,,,,,,,1875,1900,1850,1850,1850,1800,1800,1800,1750,1825,1895,1825,1800,1800,1800,1850,1875,1850,1850
"32259","Fruit Cove","FL","Jacksonville","Saint Johns",138,,,,,,,,,,,,,,,,,,,,,,,,,,,,,,,,,,,,,,,,,,,,,,,,,,,,,,,,,,,,,,,,,,,,,,,,,1899,1895,1900,2125,1997.5,2067.5,2102.5,2075,1925,1950,1995,2034.5,2000,1995,1995,2031,2157,2047.5,2050
"77388","Spring","TX","Houston","Harris",139,,,,,,,,,,,,,,,,,,,,,,,,,,,,,,,,,,,,,,,,,,,,,,,,,,,,,,,,,,,,,,,,,,,,,,,,,1700,1650,1695,1650,1675,1695,1695,1695,1695,1700,1725,1825,1822,1799,1750,1750,1750,1762.5,1750
"78109","Converse","TX","San Antonio","Bexar",140,,,,,,,,,,,,,,,,,,,,,,,,,,,,,,,,,,,,,,,,,,,,,,,,,,,,,,,,,,,,,,,,,,,,,,,,,1400,1400,1400,1400,1400,1450,1475,1450,1400,1450,1450,1450,1450,1450,1437.5,1475,1475,1495,1525
"33177","South Miami Heights","FL","Miami-Fort Lauderdale","Miami-Dade",141,,,,,,,,,,,,,,,,,,,,,,,,,,,,,,,,,,,,,,,,,,,,,,,,,,,,,,,,,,,,,,,,,,,,,,,,,,,,,2199,2200,2200,2300,2300,2410,2335,2224.5,2296,2250,2207.5,2200,2225,2200,2229
"89131","Las Vegas","NV","Las Vegas","Clark",142,,,,,,,,,,,,,,,,,,,,,,,,,,,,,,,,,,,,,,,,,,,,,,,,,,,,,,,,,,,,,,,,,,,,,,,,,1595,1660,1650,1695,1695,1730,1695,1695,1600,1597,1677.5,1695,1695,1665,1672.5,1697,1800,1797.5,1822.5
"34786","Windermere","FL","Orlando","Orange",143,,,,,,,,,,,,,,1925,2200,2100,2100,2100,2200,2050,2250,2275,2000,2212.5,2000,1975,1950,1995,2200,2295,2295,2272.5,2247.5,2200,2195,2100,2100,2100,2100,2100,2050,1900,2000,2000,2000,2050,1995,1990,2050,2085,2095,2200,2125,2237.5,2150,2350,2297.5,2225,2150,2100,2150,2200,2300,2350,2325,2395,2200,2200,2422.5,2200,2285,2300,2300,2397.5,2275,2500,2500,2450,2627.5,2525,2475,2450,2300,2400,2400,2537.5,2400,2400,2447.5,2400,2487.5
"34746","Kissimmee","FL","Orlando","Osceola",144,,,,,,,,,,,,,,,,,,,,,,,,,,,,,,,,,,,,,,,,,,,,,1350,1400,1390,1395,1395,1400,1475,1450,1450,1450,1450,1495,1450,1450,1497.5,1495,1497.5,1497.5,1500,1500,1550,1495,1500,1555,1550,1497.5,1500,1495,1595,1500,1597.5,1650,1595,1500,1550,1600,1599,1550,1550,1600,1650,1695,1642.5,1650,1700,1750,1674.5
"32712","Apopka","FL","Orlando","Orange",145,,,,,,,,,,,,,,,,,,,,,,,,,,,,,,,,,,,,,,,,,,,,,,,,,,,,,,,,,,,,,,,,,,,,,,,,,1750,1785,1737.5,1800,1750,1825,1755,1760,1779.5,1783,1775,1800,1800,1795,1799,1795,1815,1795,1850
"33196","The Hammocks","FL","Miami-Fort Lauderdale","Miami-Dade",146,,,,2025,2150,2150,2150,2292.5,2300,2250,2200,2100,2200,2200,2200,2175,2175,2100,2270,2300,2200,2185,2200,2200,2200,2200,2300,2300,2300,2300,2300,2300,2289,2282,2299,2255,2271.5,2299,2299,2250,2295,2250,2272.5,2310,2300,2300,2300,2325,2300,2202.5,2262.5,2312.5,2272.5,2300,2300,2290,2292.5,2300,2400,2350,2300,2300,2300,2250,2450,2350,2500,2300,2450,2395,2265,2200,2250,2300,2292,2400,2450,2410.5,2449.5,2485,2475,2500,2462.5,2475,2500,2500,2450,2500,2540,2500,2500
"30519","Buford","GA","Atlanta","Gwinnett",147,,,,,,,,,,,,,,,,1295,1300,1350,1350,1300,1295,1372.5,1362.5,1350,1395,1395,1395,1395,1317.5,1372.5,1375,1397.5,1400,1400,1400,1400,1400,1400,1400,1400,1437.5,1400,1400,1425,1400,1450,1450,1462.5,1450,1450,1500,1500,1525,1500,1500,1495,1495,1480,1500,1547,1500,1500,1550,1540,1500,1500,1525,1500,1500,1507.5,1500,1460,1500,1550,1595,1600,1600,1648,1640.5,1670,1645,1650,1650,1650,1675.5,1695,1700,1700,1700,1750,1700
"02127","Boston","MA","Boston","Suffolk",148,,,,,,,,,,,,,,,,,,,,,,,,,,,,,,,,,,,,,,,,,,,,,,,,,,,,,,,,,,,,,,,,,,,,,,,,,,4200,4500,4800,4800,4800,4400,4200,4000,4000,4200,4200,4000,3995,4600,4500,4500,4800,4800
"30039","Snellville","GA","Atlanta","Gwinnett",149,,,,,,,,,,,,,,,,,,,,,,,,,,,,,,,,,,,,,,,,,,,,,,,,,,,,,,,,,,,,,,,,,,,,,,,,,1399,1469,1495,1479.5,1487,1559,1529,1498,1495,1495,1495,1495,1495,1505.5,1500,1564,1560.5,1556,1562
"91765","Diamond Bar","CA","Los Angeles-Long Beach-Anaheim","Los Angeles",150,,,,,,,,,,,,,,,,,,,,,,,,,,,,,,,,,,,,,,,,,,,,,,,,,,,,,,,,,,,,,,,,,,,,,,,,,,2899,2850,2800,2800,2850,2850,2850,2950,2950,2975,2997.5,2950,3000,2987.5,2950,2950,3100,3000
"30813","Grovetown","GA","Augusta","Columbia",151,,,,,,,,,,,,,,,,,,,,,,,,,,1285,1297.5,1300,1295,1275,1275,1237.5,1200,1225,1250,1250,1250,1250,1250,1250,1250,1250,1295,1295,1295,1295,1250,1250,1295,1350,1350,1295,1295,1300,1300,1350,1300,1295,1285,1300,1300,1300,1350,1395,1395,1395,1350,1375,1250,1312.5,1275,1300,1337.5,1350,1400,1400,1400,1350,1350,1395,1412.5,1395,1375,1362.5,1350,1350,1325,1395,1450,1400,1400
"32824","Orlando","FL","Orlando","Orange",152,,,,,,,,,,,,,,,,,,,,,,,,,,,,,,,,,,,,,,,,,,,,,,,,,,,,,,,,,,,,,,,,,,,,,,,1574,1587.5,1662.5,1695,1639.5,1600,1625,1695,1695,1755,1720.5,1750,1799,1749.5,1720,1750,1760,1800,1850,1850,1800
"77498","Sugar Land","TX","Houston","Fort Bend",153,,,,,,,,,,,,,,,,,,,,,,,,,,,,,,,,,,,,,,,,,,,,,,,,,,,,,,,,,,,,,,,,,,,,,,,,,,,1775,1850,1850,1850,1800,1797.5,1850,1825,1850,1875,1875,1875,1800,1812.5,1795,1850,1825
"02472","Watertown","MA","Boston","Middlesex",154,,,,,,,,,,,,,,,,,,,,,,,,,,,,,,,,,,,,,,,,,,,,,,,,,,,,,,,,,,,,,,,,,,,,,,,,,2900,3100,3100,3100,3200,3100,3000,2950,2950,2900,2850,2850,2850,3300,3250,3250,3200,3000,3000
"75013","Allen","TX","Dallas-Fort Worth","Collin",155,,,,,,,,,,,,,,,,,,,,,,,,,,,,,,,,,,,,,,,,,,,,,,,,,,,,,,,,,,,,,,,,,,,,,,,,,,2297.5,2425,2450,2425,2348,2475,2400,2397.5,2500,2372.5,2500,2300,2295,2300,2300,2300,2495,2597.5
"02130","Boston","MA","Boston","Suffolk",156,,,,,,,,,,,,,,,,,,,,,,,,,3000,3000,3000,3000,3050,3200,3100,3200,3200,3000,3000,3200,3200,3200,3000,3100,3100,3200,3100,3000,3000,3000,3200,3200,3325,3300,3400,3400,3400,3400,3225,3200,3000,3000,3000,3200,3400,3500,3400,3400,3400,3400,3400,3450,3400,3200,3200,2975,3400,3462.5,3475,3600,3600,3650,3600,3495,3495,3495,3500,3600,3600,3600,3600,3600,3695,3700,3700
"30019","Dacula","GA","Atlanta","Gwinnett",157,,,,,,,,,,,,,,,,,,,,,,,,,,,,,,,,,,,,,,,,,,,,,,,,,,,,,,,,,,,,,,,,,,,,,,,,,,,1560,1600,1635.5,1600,1577,1575,1580,1545,1595,1550,1597.5,1610,1675,1675,1700,1650,1650
"02139","Cambridge","MA","Boston","Middlesex",158,,,,,,,,,,,,,,,,,,,,,,,,,4000,4000,4000,4000,4000,3675,3800,3850,3800,3975,3975,3800,3800,3950,3950,3900,3850,3800,4000,4000,3800,3699.5,3550,3574.5,3800,3800,3962.5,4000,4000,3995,3800,3800,3599.5,3300,3250,3375,3500,3625,4000,4200,4400,4100,4000,4125,4000,3700,3850,3800,4000,4100,4100,4250,4400,4400,4300,4200,4200,4000,4000,4000,4000,4500,4500,4450,4400,4325,4400
"33172","Fountainbleau","FL","Miami-Fort Lauderdale","Miami-Dade",159,,,,,,,,,,,,,,,,,,,,,,,,,,,,,,,,,,,,,,,,,,,,,,,,,,,,,,,,,,,,,,,,,,,,,,,,,,,,3100,3100,3150,3100,3100,3100,3100,3025,3050,3000,3100,2850,2999,3000,3000,3100
"89128","Las Vegas","NV","Las Vegas","Clark",160,,,,,,,,,,,,,,,,,,,,,,,,,,,,,,,,,,,,,,,,,,,,,,,,,,,,,,,,,,,,,,,,,,,,,,,,,1450,1500,1487.5,1700,1600,1672.5,1737.5,1650,1650,1600,1595,1605,1600,1600,1725,1795,1699,1712,1750
"02138","Cambridge","MA","Boston","Middlesex",161,,,,,,,,,,,,,,,,,,,,,,,,,,,,,,,,,,,,,,,,,,,,,,,,,,,,,,,,,,,,,,,,,,,,,,,,,,,4700,4550,4800,4600,4500,4500,4500,4000,4000,4000,4000,4000,4100,4500,4400,4400,4400
"33193","Kendall West","FL","Miami-Fort Lauderdale","Miami-Dade",161,,,,,,,,,,,,,,,,,,,,,,,,,,,,,,,,,,,,,,,,,,,,,,,,,,,,,,,,,,,,,,,,,,,,,,,,,2300,2300,2300,2295,2295,2199,2212.5,2300,2365,2300,2300,2400,2300,2420,2425,2440,2370.5,2395,2415
"92557","Moreno Valley","CA","Riverside","Riverside",163,,,,,,,,,,,,,,,,,,,,,,,,,,,,,,,,,,,,,,,,,,,,,,,,,,,,,,,,,,,,,,,,,,,,,,,,,,,,1900,1925,1932.5,1925,1937.5,1847.5,1825,1825,1860,1900,1900,1950,1950,1995,1995,1995
"33018","Hialeah","FL","Miami-Fort Lauderdale","Miami-Dade",164,,,,,,,,,,,,,,,,,,,,,,,,,,,,,,,,,,,,,,,,,,,,,,,,,,,,,,,,,,,,,,,,,,,,,,,,,2587.5,2700,2750,2700,2675,2750,2700,2737.5,2787.5,2787.5,2700,2650,2650,2600,2700,2700,2700,2662.5,2680
"02128","Boston","MA","Boston","Suffolk",165,,,,,,,,,,,,,,,,,,,,,,,,,,,,,,,,,,,,,,,,,,,,,,,,,,,,,,,,,,,,,,,,,,,,,,,,,,3000,3000,2972.5,2900,2900,3000,3100,3000,3000,3000,3000,3125,3100,3100,3100,3200,3200,3100
"30213","Fairburn","GA","Atlanta","Fulton",166,,,,,,,,,,,,,,,,,,,,,,,,,,,,,,,,,,,,,,,,,,,,,,,,,,,,,,,,,,,,,,,,,,,,,,,,,,,,,,,1495,1525,1555,1500,1542.5,1512.5,1560,1530,1525,1475,1537.5,1524.5,1519
"94582","San Ramon","CA","San Francisco","Contra Costa",167,,,,,,,,,,,,,,,,,,,,,,,,,,,,,,,,,,,,,,,,,,,,,,,,,,,,,,,,,,,,,,,,,,,,,,,,,3900,4250,4300,4300,4300,4500,4500,4495,4295,4295,4200,3995,4250,4200,4200,4100,4200,4100,4000
"33032","Princeton","FL","Miami-Fort Lauderdale","Miami-Dade",168,,,,,,,,,,,,,,,,,,,,,,,,,,,,,,,,,,,,,,,,,,,,,,,,,,,,,,,,,,,,,,,,,,,1850,1985,2075,1875,1800,1800,1877.5,2000,2000,1999,1950,1950,1962.5,1950,1950,1925,1950,1950,2000,1975,1950,1962.5,2000,1950,1972.5
"89139","Las Vegas","NV","Las Vegas","Clark",169,,,,,,,,,,,,,,,,,,,,,,,,,,,,,,,,,,,,,,,,,,,,,,,,,,,,,,,,,,,,,,,,,,,,,,,,,1495,1519.5,1600,1537.5,1595,1600,1695,1600,1600,1662.5,1650,1650,1750,1895,1695,1645,1650,1695,1825
"98006","Bellevue","WA","Seattle","King",170,,,,,,,,,,,,,,,,,,,,,,,,,,,,,,,,,,,,,,,,,,,,,,,,,,,,,,,,,,,,,,,,,,,,,,,,,3200,3500,3495,3400,3300,3500,3599,3300,3300,3200,3200,3200,3350,3395,3225,3495,3495,3350,3400
"02446","Brookline","MA","Boston","Norfolk",171,,,,,,,,,,,,3300,3400,3475,3500,3600,3600,3600,3600,3600,3600,3700,3700,3700,3725,3795,3800,3800,3800,3800,3800,3700,3700,3697,3800,3800,3900,4000,4000,4100,3995,4000,3900,3800,3700,3700,3800,3950,4000,4000,4000,4000,4000,4000,4000,3950,3800,3800,4000,4150,4200,4200,4150,4100,4000,4000,4000,3950,3900,3875,3800,4100,4400,4450,4200,4200,4200,4100,4100,4200,4100,4100,4450,4700,4500,4550,4500,4400,4400,4500,4800
"92591","Temecula","CA","Riverside","Riverside",172,,,,,,,,,,,,,,,,,,,,,,,,,,,,,,,,,,,,,,,,,,,,,,,,,,,,,,,,,,,,,,,,,,,,,,,,,,2155,2180,2200,2195,2300,2300,2300,2225,2200,2200,2197.5,2200,2200,2300,2300,2350,2325,2300
"33029","Pembroke Pines","FL","Miami-Fort Lauderdale","Broward",173,,,,,,,,,,,,,,,,,,,,,,,,,,,,,,,,,,,,,,,,,,,,,,,,,,,,,,,,,,,,,,,,,,,,,,,,,2690,2622,2615,2630,2690,2600,2650,2600,2625,2600,2650,2640,2722.5,2675,2650,2600,2806,2800,2750
"94531","Antioch","CA","San Francisco","Contra Costa",174,,,,,,,,,,,,,,,,,,,,,,,,,,,,,,,,,,,,,,,,,,,,,,,,,,,,,,,,,,,,,,,,,,,,,,,,2100,2300,2300,2300,2350,2150,2300,2300,2465,2400,2300,2387.5,2400,2400,2400,2400,2495,2500,2400,2495
"28079","Indian Trail","NC","Charlotte","Union",175,,,,,,,,,,,,,,,,,,,,,,,,,,,,,,,,,,,,,,,,,,,,,,,,,,,,,,,,,,,,,,,,,,,,,,,,,,,1695,1697,1712.5,1742,1699,1695,1664.5,1660,1650,1595,1650,1695,1695,1755,1750,1742.5,1725
"89178","Las Vegas","NV","Las Vegas","Clark",176,,,,,,,,,,,,,,,,,,,,,,,,,,,,,,,,,,,,,,,,,,,,,,,,,,,,,,,,,,,,,,,,,,,,,,,,,1550,1497.5,1595,1595,1550,1595,1595,1600,1625,1595,1650,1672.5,1595,1525,1665,1695,1650,1637.5,1650
"77073","Houston","TX","Houston","Harris",177,,,,,,,,,,,,,,,,,,,,,,,,,,,,,,,,,,,,,,,,,,,,,,,,,,,,,,,,,,,,,,,,,,,,,,,,1400,1400,1395,1425,1425,1425,1450,1445,1450,1440,1440,1425,1425,1450,1425,1425,1450,1500,1500,1495
"32065","Orange Park","FL","Jacksonville","Clay",178,,,,,,,,,,,,,,,,,,,,,,,,,,,,,,,,,,,,,,,,,,,,,,,,,,,,,,,,,,,,,,,,,,,,,,,,,1575,1500,1575,1595,1625,1660,1625,1572,1605,1620,1600,1595,1595,1612.5,1687.5,1689.5,1600,1695,1700
"32092","Saint Augustine","FL","Jacksonville","Saint Johns",179,,,,,,,,,,,,,,,,,,,,,,,,,,,,,,,,,,,,,,,,,,,,,,,,,,,,,,,,,,,,,,,,,,,,,,,,,1797.5,1775,1797.5,1862.5,1875,1895,1917.5,1897.5,1895,1825,1847.5,1895,1875,1895,1995,1972.5,1995,1995,1995
"91789","Walnut","CA","Los Angeles-Long Beach-Anaheim","Los Angeles",180,,,,,,,,,,,,,,,,,,,,,,,,,,,,,,,,,,,,,,,,,,,,,,,,,,,,,,,,,,,,,,,,,,,,,,,,,,2900,3000,2875,2999,3000,2990,3050,3040,3200,3100,3100,2989.5,2950,2925,2950,2997.5,3000,2995
"89135","Las Vegas","NV","Las Vegas","Clark",181,,,,,,,,,,,,,,,,,,,,,,,,,,,,,,,,,,,,,,,,,,,,,,,,,,,,,,,,,,,,,,,,,,,,,,,,,,,,,,2204,2135,2200,2200,2200,2050,2000,2000,2050,2032.5,2100,2150,2150,2250
"30078","Snellville","GA","Atlanta","Gwinnett",182,,,,,,,,,,,,,,,,,,,,,,,,,,,,,,,,,,,,,,,,,,,,,,,,,,,,,,,,,,,,,,,,,,,,,,,,,,,,,,,,1500,1506,1550,1567,1579,1577.5,1550,1530,1550,1534.5,1645,1682.5
"02118","Boston","MA","Boston","Suffolk",183,,,,,,,,,,,,,,,,,,,,,,,,,,,,,,,,,,,,,,,,,,,,,,,,,,,,,,,,,,,,,,,,,,,,,,,,,5250,5200,5200,5200,5200,5000,4800,5000,5000,5000,5000,5000,5300,5500,5300,5500,5600,5300,4800
"75033","Frisco","TX","Dallas-Fort Worth","Collin",184,,,,,,,,,,,,,,,,,,,,,,,,,,,,,,,,,,,,,,,,,,,,,,,,,,,,,,,,,,,,,,,,,,,,,,,,,,2200,2250,2500,2550,2500,2475,2400,2395,2372.5,2250,2300,2400,2350,2350,2325,2397.5,2500,2495
"77389","The Woodlands","TX","Houston","Montgomery",185,,,,,,,,,,,,,,,,,,,,,,,,,,,,,,,,,,,,,,2500,2475,2500,2690,2500,2472.5,2625,2500,2500,2500,2500,2500,2500,2525,2500,2600,2600,2575,2500,2500,2437.5,2400,2450,2397.5,2400,2400,2500,2500,2400,2600,2450,2400,2370,2400,2300,2310,2200,2325,2350,2365,2300,2300,2250,2200,2200,2400,2500,2445,2300,2250,2400,2490,2500,2500
"02840","Newport","RI","Providence","Newport",186,,,,,,,,,,,,,,,,,,,,,,,,,,,,,,,,,,,,,,,,,,,,,,,,,,,,,,,,,,,,,,,,,,,2200,2300,2250,2350,2447.5,2300,2500,2700,2700,2600,2600,2400,2600,2400,2400,2400,2450,2600,2600,2750,2800,2800,2800,2800,2700
"33594","Valrico","FL","Tampa","Hillsborough",187,,,,,,,,,,,,,,,,,,,,,,,,,,,,,,,,,,,,,,,,,,,,,,,,,,,,,,,,,,,,,,,,,,,,,,,,,1599,1609,1687,1699,1760,1850,1750,1682.5,1630,1650,1675,1590,1589.5,1687.5,1725,1747.5,1750,1745,1745
"33326","Weston","FL","Miami-Fort Lauderdale","Broward",188,,,,,,,,,,,,,,,,,,,,,,,,,,,,,,,,,,,,,,,,,,,,,,,,,,,,,,,,,,,,,,,,,,,,,,,,,,,,,2975,2950,2950,2850,2850,3000,3000,3100,3150,2975,3000,3100,3125,3200,3165
"02125","Boston","MA","Boston","Suffolk",189,,,,,,,,,,,,,,,,,,,,,,,,,,,,,,,,,,,,,,,,,,,,,,,,,,,,,,,,,,,,2400,2700,2800,2900,2900,2850,2950,2800,2800,2650,2550,2400,2600,3000,3000,3000,3200,3200,3200,3100,3100,3000,2850,2850,2947.5,2900,3000,3150,3200,3200,3150,3000
"92651","Laguna Beach","CA","Los Angeles-Long Beach-Anaheim","Orange",189,,,,,,,,,,,,,,,,,,,,,,,,,,,,,,,,,,,,,,,,,,,,,,,,,,,,,,,,,,,,,,,,,,,,,,,,,,,9500,9725,9250,9000,8250,9625,9200,9975,9725,10000,9975,9250,9500,10000,10000,11000,11500
"33156","Pinecrest","FL","Miami-Fort Lauderdale","Miami-Dade",191,,,,,,,,,,,,,,,,,,,,,,,,,,,,,,,,,,,,,,,,,,,,,,,,,,,,,,,,,,,,,,,,,,,,,,,,,,,,,5750,5445,5445,5500,5800,5737.5,4800,5000,5500,5500,5450,5300,4900,5100,5450
"33076","Coral Springs","FL","Miami-Fort Lauderdale","Broward",192,,,,,,,,,,,,,,,,,,,,,,,,,,,,,,,,,,,,,,,,,,,,,,,,,,,,,,,,,,,,,,,,,,,,,,,,3072.5,2800,2797.5,2800,2825,3000,3007,2962.5,3200,3200,3350,3350,2950,2950,3047.5,3035,3200,3400,3200,3125
"89081","North Las Vegas","NV","Las Vegas","Clark",193,,,,,,,1295,1295,1250,1250,1200,1250,1225,1235,1200,1250,1272.5,1300,1250,1197,1200,1200,1195,1200,1200,1195,1200,1200,1200,1200,1245,1245,1225,1250,1275,1200,1200,1200,1250,1200,1250,1250,1200,1200,1200,1262.5,1250,1250,1249,1250,1250,1250,1250,1200,1225,1250,1250,1200,1225,1250,1250,1295,1292.5,1295,1250,1295,1250,1295,1250,1250,1250,1250,1295,1304.5,1350,1395,1395,1375,1375,1350,1400,1400,1397.5,1350,1350,1400,1462.5,1472.5,1425,1432.5,1412.5
"30045","Lawrenceville","GA","Atlanta","Gwinnett",194,,,,,,,,,,,,,,,,,,,,,,,,,,,,,,,,,,,,,,,,,,,,,,,,,,,,,,,,,,,,,,,,,,,,,,,,1495,1472,1457.5,1495,1550,1570,1550,1500,1525,1530,1545,1525,1545,1550,1575,1592.5,1598,1600,1582.5,1595
"11937","East Hampton","NY","New York","Suffolk",195,,,,,,,,,,,,,,,,,,,,,,,,,,,,,,,,,,,,,,,,,,,,,,,,,,,,,,,,,,,,,,,,,,,,,,,,,44500,47750,40000,39500,39000,39000,35000,35000,36000,39000,35000,35000,35000,34000,30000,30000,30000,29000,29000
"66441","Junction City","KS","Junction City","Geary",196,,,,,,,,,,,,,,,,,,,,,,,,,,,,,,,,,,,,,,,,,,,,,,,,,,,,,,,,,,,,,,,,,,,,,,,,,,1200,1200,1200,1287.5,1262.5,1237.5,1200,1200,1250,1250,1225,1200,1200,1225,1250,1237.5,1275,1300
"28278","Charlotte","NC","Charlotte","Mecklenburg",197,,,,,,,,,,,,,,,,,,,,,,,,,,,,,,,,,,,,,,,,,,,,,,,,,,,,,,,,,,,,,,,,,,,,,,,,,,,,,,,1695,1699,1767.5,1745,1750,1722.5,1797.5,1825,1750,1845,1895,1850,1812.5
"22101","Mc Lean","VA","Washington","Fairfax",198,,,,,,,,,,,,,,,,,,,,,,,,,,,,,,,,,,,,,,,,,,,,,,,,,,,,,,,,,,,,,,,,,,,,,,,,,,3800,3700,3800,3900,3850,4000,3700,3700,3500,3547.5,3600,3600,3475,3500,3600,3600,3600,3625
"77493","Katy","TX","Houston","Harris",199,,,,,,,,,,,,,,,,,,,,,,,,,,,,,,,,,,,,,,,,,,,,,,,,,,,,,,,,,,,,,,,,,,,,,,,,,1714.5,1725,1792.5,1800,1812.5,1800,1800,1850,1900,1850,1850,1750,1712.5,1700,1800,1800,1825,1825,1825
"78260","San Antonio","TX","San Antonio","Bexar",200,,,,,,,,,,,,,,,,,,,,,,,,,,,,,,,,,,,,,,,,,,,,,,,,,,,,,,,,,,,,,,,,,,,,,,,,,,2150,2145,2250,2300,2270,2195,2100,2100,2100,2100,2100,2100,2095,2295,2295,2197.5,2200,2200
"89141","Las Vegas","NV","Las Vegas","Clark",201,,,,,,,,,,,,,,,,,,,,,,,,,,,,,,,,,,,,,,,,,,,,,,,,,,,,,,,,,,,,,,,,,,,,,,,,,1585,1591,1600,1650,1625,1672.5,1612.5,1725,1650,1600,1617.5,1600,1650,1650,1650,1795,1800,1795,1662.5
"02119","Boston","MA","Boston","Suffolk",202,,,,,,,,,,,,,,,,,,,,,,,,,,,,,,,,,,,,,,,,,,,,,,,,,,,,,,,,,,,,,,,,,,,,,,,,,3200,3250,3300,3300,3300,3250,3085,3000,2900,2900,3200,3200,3400,3275,3275,3300,3225,3150,3100
"31324","Richmond Hill","GA","Savannah","Bryan",203,,,,,,,,,,,,,,,,,,,,,,,,,,,,,,,,,,,,,,,,,,,,,,,,,,,,,,,,,,,,,,,,,,,,,,,,,,1700,1725,1750,1725,1725,1750,1700,1695,1700,1750,1775,1750,1700,1737.5,1800,1800,1750,1762.5
"02143","Somerville","MA","Boston","Middlesex",204,,,,,,,,,,,,,,,,,,,,,,,,,,,,,,,,,,,,,,3150,3400,3500,3450,3400,3400,3300,3350,3250,3200,3200,3147.5,3197.5,3400,3400,3525,3600,3550,3500,3300,3325,3000,3000,3000,3000,3525,3450,3600,3800,3600,3800,3600,3200,3200,3000,3000,3400,3600,3700,3750,3750,3800,3500,3500,3800,3500,3300,3300,3500,3900,4100,4120,4100,4050
"78244","San Antonio","TX","San Antonio","Bexar",205,,,,,,,,,,,,,,,,,,,,,,,,,,,,,,,,,,,,,,,,,,,,,,,,,,,,,,,,,,,,,,,,,,,,,,,,,,,,,,1400,1425,1397.5,1385,1325,1375,1300,1325,1310,1350,1395,1395,1395,1475
"32003","Fleming Island","FL","Jacksonville","Clay",206,,,,,,,,,,,,,,,,,,,,,,,,,,,,,,,,,,,,,,,,,,,,,,,,,,,,,,,,,,,,,,,,,,,,,,,,,1695,1699,1750,1850,1850,1900,1895,1875,1850,1775,1785,1787.5,1750,1795,1800,1885,1950,1855,1865
"02145","Somerville","MA","Boston","Middlesex",207,,,,,,,,,,,,,,,,,,,,,,,,,2400,2450,2500,2500,2500,2600,2500,2550,2550,2600,2400,2400,2450,2600,2600,2800,2800,2875,2850,2875,2800,2600,2600,2600,2600,2700,2900,2900,2850,2850,2900,2875,2800,2800,2800,2800,2900,2900,3000,3000,3200,3175,3200,3137.5,3137.5,2975,2850,2850,3075,3200,3400,3450,3475,3475,3475,3475,3300,3300,3300,3100,3312.5,3800,3800,3775,3750,3650,3685
"02144","Somerville","MA","Boston","Middlesex",208,,,,,,,,,,,,,,,,3000,3000,3000,3200,3000,3000,3000,3000,3000,3000,3000,3300,3350,3300,3400,3375,3250,3200,3250,3200,3200,3200,3200,3200,3300,3200,3400,3500,3400,3200,3200,3150,3200,3200,3200,3275,3350,3400,3600,3600,3500,3400,3475,3500,3500,3400,3400,3750,3600,3600,3900,4000,3675,3400,3350,3350,3350,3500,3600,4000,4100,4000,4000,3900,3800,3600,3600,3600,3600,3600,3700,4200,4200,4000,4000,3995
"33579","Riverview","FL","Tampa","Hillsborough",209,,,,,,,,,,,,1295,1325,1350,1350,1372.5,1350,1350,1325,1350,1375,1395,1350,1412.5,1500,1475,1450,1475,1500,1550,1545,1500,1500,1495,1475,1475,1412.5,1450,1400,1400,1500,1485,1485,1495,1500,1485,1497.5,1495,1495,1475,1477.5,1507.5,1512.5,1550,1525,1550,1525,1500,1500,1495,1525,1550,1550,1537.5,1550,1550,1595,1550,1590,1550,1575,1500,1595,1599,1600,1647,1649,1665,1645,1655,1675,1595,1595,1600,1625,1635,1687.5,1750,1745,1725,1700
"02215","Boston","MA","Boston","Suffolk",210,,,,,,,,,,,,,,,,,,,,,,,,,,,,,,,,,,,,,,,,,,,,,,,,,,,,,,,,,,,,,,,,,,,,,,,,4400,4400,4400,4900,4800,4500,4200,4300,4400,4350,4225,4275,4800,5000,5100,5000,4600,4500,4400,4400
"33596","Valrico","FL","Tampa","Hillsborough",211,,,,,,,,,,,,,,,,,,,,,,,,,,,,,,,,,,,,,,,,,,,,,,,,,,,,,,,,,,,,,,,,,,,,,,,,,1847.5,1859,1885,1975,1999.5,2000,1995,1945,1945,1900,1900,1945,1887.5,1947.5,1900,1885,2000,2095,2017.5
"32832","Orlando","FL","Orlando","Orange",212,,,,,,,,,,,,,,,,,,,,,,,,,,,,,,,,,,,,,,,,,,,,,,,,,,,,,,,,,,,,,,,,,,,,,,,,,,,2100,2100,2050,2095,2000,1995,2000,2000,1995,2100,2095,2105,2075,2047.5,2100,2095,2180
"79934","El Paso","TX","El Paso","El Paso",213,,,,,,,,,,,,,,,,,,,,,,,,,,,,,,,,,,,,,,,,,,,,,,,,,,,,,,,,,,,,,,,,,,,,,,,,,1200,1197,1200,1262.5,1287,1295,1295,1312.5,1250,1250,1235,1242.5,1225,1200,1249,1262.5,1312.5,1300,1350
"02134","Boston","MA","Boston","Suffolk",214,,2600,2800,2800,2800,2700,2700,2650,2750,2600,2600,2800,3000,3000,3000,2925,2900,2800,2800,2800,2800,2800,2800,2900,3000,3050,3050,3000,3000,3000,3000,3000,3000,3000,3000,3000,3200,3200,3200,3200,3200,3200,3200,3200,3200,3000,3000,3200,3300,3400,3300,3300,3200,3200,3200,3185,3100,3100,3200,3400,3500,3500,3500,3500,3500,3400,3400,3300,3300,3200,3100,3500,3600,3600,3600,3600,3600,3500,3500,3500,3495,3200,3600,3795,3800,3800,3800,3850,3700,3700,3600
"34212","Bradenton","FL","North Port-Sarasota-Bradenton","Manatee",215,,,,,,,,,,,,,,,,,,,,,,,,,,,,,,,,,,,,,,,,,,,,,,,,,,,,,,,,,,,,,,,,,,,,,,,,,,,,,,2587,2500,2500,2487.5,2300,2400,2285,2522.5,2675,2800,2750,2700,2795,2722.5
"33547","Riverview","FL","Tampa","Hillsborough",216,,,,,,,,,,,,,,,,,,,,,,,,,,,,,,,,,,,,,,,,,,,,,,,,,,,,,,,,,,,,,,,,,,,,,,,,,1997.5,2200,2200,2225,2150,2109.5,2200,2100,2150,2000,1990,2097.5,2042.5,2040,2075,2150,2230,2300,2225
"02140","Cambridge","MA","Boston","Middlesex",217,,,,,,,,,,,,,,,,,,,,,,,,,,,,,,,,,,,,,,,,,,,,,,,,,,,,,,,,,,,,,,,,,,,,,,,,,4400,4500,4650,4400,4400,4400,4400,4000,3999,3800,4000,3800,3800,4200,4500,4500,4485,4200,4100
"02121","Boston","MA","Boston","Suffolk",218,,,,,,,,,,,,,,,,,,,,,,,,,,,,,,,,,,,,,,,,,,,,,,,,,,,,,,,,,,,,,,,,,,,,,,,,,,,,2400,2400,2400,2425,2400,2500,2525,2575,2575,2525,2550,2550,2550,2600,2625,2600
"33569","Riverview","FL","Tampa","Hillsborough",219,,,,,,,,,,,,,,,,,,,,,,,,,,,,,,,,,,,,,,,,,,,,,,,,,,,,,,,,,,,,,,,,,,,,,,,,,,1597,1649,1670,1695,1675,1680,1667.5,1687.5,1670,1617.5,1630,1667.5,1695,1735,1745,1695,1725,1725
"33897","Davenport","FL","Lakeland","Polk",220,,,,,,,,,,,,,,,,,,,,,,,,,,,,,,,,,,,,,,,,,,,,,,,,,,,,,,,,,,,,,,,,,,,,,,,,,1600,1595,1569.5,1500,1575,1605,1650,1625,1665,1650,1600,1672.5,1700,1650,1700,1675,1650,1750,1795
"02445","Brookline","MA","Boston","Norfolk",221,,,,,,,,,,,,,,3050,3200,3200,3200,3200,3200,3200,3100,3100,3100,3150,3197,3200,3250,3300,3200,3300,3400,3225,3250,3200,3200,3200,3200,3400,3400,3425,3525,3700,3800,3700,3500,3397.5,3347.5,3395,3480,3600,3600,3600,3600,3600,3500,3400,3400,3400,3400,3400,3400,3750,3800,3800,3800,3750,3600,3600,3650,3450,3600,3400,3800,3800,3800,3875,4000,4000,3950,3950,3875,3800,3800,3800,3975,4000,3900,3900,3900,3800,3600
"78261","San Antonio","TX","San Antonio","Bexar",222,,,,,,,,,,,,,,,,,,,,,,,,,,,,,,,,,,,,,,,,,,,,,,,,,,,,,,,,,,,,,,,,,,,,,,,,,2196.5,2194,2087.5,2100,2100,2100,2095,2095,2000,1972.5,1850,1837.5,1837.5,1800,1947.5,2000,2095,2072.5,2043
"33185","Kendall West","FL","Miami-Fort Lauderdale","Miami-Dade",223,,,,,,,,,,,,,,,,,,,,,,,,,,,,,,,,,,,,,,,,,,,,,,,,,,,,,,,,,,,,,,,,,,,,2537.5,2400,2500,2500,2525,2500,2514.5,2550,2557.5,2600,2600,2590,2500,2537.5,2600,2665,2625,2612.5,2650,2600,2590,2590,2600,2600
"23508","Norfolk","VA","Virginia Beach","Norfolk City",224,,,,,,,,,,,,,,,,,,,,,,,,,,,,,,,,,,,,,,,,,,,,,,,,,,,,,,,,,,,,,,,,,,,,,,,,,,1787.5,1800,1900,1800,1790,1695,1695,1500,1500,1700,1598,1650,1790,1900,1800,1800,1796,1750
"02141","Cambridge","MA","Boston","Middlesex",225,,,,,,,,,,,,,,,,,,,,,,,,,,,,,,,,,,,,,,,,,,,,,,,,,,,,,,,,,,,,,,,,,,,,,,,,,4000,4000,4000,4000,3950,4000,3900,3742.5,3750,4000,4000,4000,3800,3500,3500,4000,4000,4000,4000
"33327","Weston","FL","Miami-Fort Lauderdale","Broward",226,,,,,,,,,,,,,,,,,,,,,,,,,,,,,,,,,,,,,,,,,,,,,,,,,,,,,,,,,,,,,,,,,,,,,,,,,,,,2950,3050,3000,3000,3000,2850,3000,3150,3100,3150,3000,3000,3100,3200,3200,3200
"11963","Noyack","NY","New York","Suffolk",227,,,,,,,,,,,,,,,,,,,,,,,,,,,,,,,,,,,,,,,,,,,,,,,,,,,,,,,,,,,,,,,,,,,,,,45000,50000,45000,40000,45000,41675,40000,40000,40000,40000,36000,38000,40000,37500,37000,36000,36000,35000,35000,30000,30000,30000
"02120","Boston","MA","Boston","Suffolk",228,,,,,,,,,,,,3550,3400,3400,3400,3250,3250,3300,3300,3400,3400,3400,3400,3487.5,3600,3600,3600,3600,3600,3600,3600,3600,3600,3600,3800,3800,3800,3800,3825,3900,3900,3870,3900,3800,3700,3800,3900,4000,4000,4000,4000,3925,3950,3900,3900,3700,3600,3600,3800,4000,4100,4100,4000,4000,4000,3900,3800,3750,3600,3500,3600,3995,4200,4200,4200,4100,4000,4000,3900,3800,3800,3900,4000,4200,4200,4200,4100,4000,4000,4000,4000
"81611","Aspen","CO","Glenwood Springs","Pitkin",229,,,,,,,,,,,,,,,,,,,,,,,,,,,,,,,,,,,,,,,,,,,,,,,,,,,,,,,,,,,,,,,,,,,,,,,,,,,,40000,35000,40000,40000,40000,40000,45000,45000,50000,50000,45000,50000,45000,45000,45000,45000
"02458","Newton","MA","Boston","Middlesex",230,,,,,,,,,,,,,,,,,,,,,,,,,,,,,,,,,,,,,,,,,,,,,,,,,,,,,,,,,,,,,,,,,,,,,,,,,3200,3300,3500,3500,3600,3400,3400,3400,3400,3550,3300,3300,3400,3500,3500,3600,3600,3600,3500
"95391","Tracy","CA","Stockton","San Joaquin",231,,,,,,,,,,,,,,,,,,,,,,,,,,,,,,,,,,,,,,,,,,,,,,,,,,,,,,,,,,,,,,,,,,,,,,,,,,,,,2690,2700,2697.5,2675,2587.5,2600,2600,2600,2600,2625,2650,2700,2700,2700,2725
"02113","Boston","MA","Boston","Suffolk",232,,,,,,,,,,,,,,,,,,,,,,,,,,,,,,,,,,,,,,,,,,,,,,,,,,,,,,,,,,,,,,,,,,,,,,,,,5200,5200,5200,4850,4850,5100,5200,5200,5200,4950,4950,4950,4950,5100,5080,5000,4975,4975,4950
"19127","Philadelphia","PA","Philadelphia","Philadelphia",233,,,,,,,,,,,,,,,,,,,,,,,,,,,,,,,,,,,,,,,,,,,,,,,,,,,,,,,,,,,,,,,,,,,,,,,,,,2050,2000,1995,1900,1815,1800,1825,1800,1700,1720,1800,1997.5,1997.5,2000,2000,2000,1999,1900
"11976","Water Mill","NY","New York","Suffolk",234,,,,,,,,,,,,,,,,,,,,,,,,,,,,,,,,,,,,,,,,,,,,,,,,,,,,,,,,,,,,,,,,,,,,,,,,50000,50000,50000,50000,49500,50000,50000,47000,45000,49000,50000,50000,50000,50000,50000,50000,50000,45000,40000,42500
"11959","Quogue","NY","New York","Suffolk",235,,,,,,,,,,,,,,,,,,,,,,,,,,,,,,,,,,,,,,,,,,,,,,,,,,,,,,,,,,,,,,,,,,,,,,,,,,,44000,44000,40000,38750,35000,35000,35000,33500,30000,29000,27750,28000,33000,30000,27750,28000,26000
